DATA_KEY_PROC,DATA_KEY_CONSTR1,DATA_KEY_CONSTR2,DATA_KEY_WEIGHT,CONSTRUCTION_TYPE,GROWTH_RATE_FREQ,GROWTH_TYPE,AGGREGATION,NAtoZERO,SCALING,COMMENTS,
POP.TOT,,,,,,,sum,,,,
POP.TOT.GR10,POP.TOT,,POP.TOT,growth,10,ls,weighted.mean,,,,
POP.TOT.GR11,POP.TOT,,POP.TOT,growth,11,ls,weighted.mean,,,,
POP.MALE,,,,,,,sum,,,,
POP.MALE.SHP,POP.MALE,POP.TOT,POP.TOT,share,,,weighted.mean,,100,,
POP.FEMALE,,,,,,,sum,,,,
POP.FEMALE.SHP,POP.FEMALE,POP.TOT,POP.TOT,share,,,weighted.mean,,100,,
POP.URBAN,,,,,,,sum,,,,
POP.URBAN.SHP,POP.URBAN,POP.TOT,POP.TOT,share,,,weighted.mean,,100,,
POP.URBAN.GR11,POP.URBAN,,POP.URBAN,growth,11,geo,weighted.mean,,,,
POP.RURAL,,,,,,,sum,,,,
POP.RURAL.SHP,POP.RURAL,POP.TOT,POP.TOT,share,,,weighted.mean,,100,,
POP.RURAL.GR11,POP.RURAL,,POP.RURAL,growth,11,geo,weighted.mean,,,,
POP.0014,,,,,,,sum,,,,
POP.0014.SHP,POP.0014,POP.TOT,POP.TOT,share,,,weighted.mean,,100,,
POP.1564,,,,,,,sum,,,,
POP.1564.SHP,POP.1564,POP.TOT,POP.TOT,share,,,weighted.mean,,100,,
POP.6500,,,,,,,sum,,,,
POP.6500.SHP,POP.6500,POP.TOT,POP.TOT,share,,,weighted.mean,,100,,
AG.LND.TOTL.K2,,,,,,,sum,,,used to weight density,
EN.POP.DNST,,,AG.LND.TOTL.K2,,,,weighted.mean,,,WB computes aggregates deriving the already aggregated components,
OA.AGR.POP.PPL.NO,,,,,,,sum,,,,
OA.AGR.POP.PPL.SH,OA.AGR.POP.PPL.NO,POP.TOT,POP.TOT,share,,,weighted.mean,,100,,
OA.AGR.POP.PPL.GR20,OA.AGR.POP.PPL.NO,,OA.AGR.POP.PPL.NO,growth,20,geo,weighted.mean,,,,
EN.URB.LCTY,,,,,,,,,,WB doesn't aggregate this variable,
EN.URB.LCTY.UR.ZS,,,POP.URBAN,,,,weighted.mean,,,,
EN.URB.MCTY,,,,,,,,,,WB doesn't aggregate this variable,
EN.URB.MCTY.TL.ZS,,,POP.TOT,,,,weighted.mean,,,WB computes aggregates deriving the already aggregated components,
EN.POP.EL5M.ZS,,,POP.TOT,,,,weighted.mean,,,WB doesn't specify this,
SP.POP.TOTL.FE.ZS,,,POP.TOT,,,,weighted.mean,,,,
SP.POP.DPND,,,POP.TOT,,,,weighted.mean,,,,
SP.DYN.LE00.IN,,,POP.TOT,,,,weighted.mean,,,,
SP.DYN.LE00.IN.CH,SP.DYN.LE00.IN,,SP.DYN.LE00.IN,change,11,ch,weighted.mean,,,,
NY.GNP.PCAP.CD,,,POP.TOT,,,,weighted.mean,,,WB computes aggregates deriving the already aggregated components,
SP.DYN.CBRT.IN,,,POP.TOT,,,,weighted.mean,,,used just to compute the mortality rate weight,
MORTWEIGHT,,,,manual,,,sum,,,mortality rate weight ('SP.DYN.CBRT.IN' * 'SP.POP.TOTL')/1000),
SP.DYN.IMRT.IN,,,MORTWEIGHT,,,,weighted.mean,,,,
SH.DYN.MORT,,,MORTWEIGHT,,,,weighted.mean,,,,
CP.D.ATLAS.GNP,,,,,,,sum,,,,
NV.AGR.TOTL.ZS,,,CP.D.ATLAS.GNP,,,,weighted.mean,,,,
NV.IND.TOTL.ZS,,,CP.D.ATLAS.GNP,,,,weighted.mean,,,,
NV.SRV.TETC.ZS,,,CP.D.ATLAS.GNP,,,,weighted.mean,,,,
NE.TRD.GNFS.ZS,,,CP.D.ATLAS.GNP,,,,weighted.mean,,,,
BX.KLT.DINV.WD.GD.ZS,,,NY.GDP.MKTP.CD,,,,weighted.mean,,,,
NY.GDP.MKTP.CD,,,,,,,sum,,,"in WB seems weighted by CP.$.ATLAS.GNP, but it is a sum!!!",
NY.GNP.MKTP.CD,,,,,,,sum,,,used as weight,
DT.ODA.ALLD.CD,,,,,,,sum,,,,
DT.ODA.ALLD.CD.SH,DT.ODA.ALLD.CD,NY.GNP.MKTP.CD,NY.GNP.MKTP.CD,share,,,weighted.mean,,,,
EN.AGR.EMPL,,,,,,,,,,used as weight,
EA.PRD.AGRI.KD,,,,,,,,,,should be weighted by EN.AGR.EMPL that is impossible to download. We cannot compute the aggs weighting by POP.TOT…aggs too different,
EA.PRD.AGRI.KD.GR10,EA.PRD.AGRI.KD,,EA.PRD.AGRI.KD,growth,10,geo,,,,should be weighted by EA.PRD.AGRI.KD that is impossible to aggregate,
RL.AREA.LAND.HA.NO,,,,,,,sum,,,,
RL.AREA.AGRORG.HA.NO,,,,,,,sum,,,,
RL.AREA.AGRORG.HA.SH,RL.AREA.AGRORG.HA.NO,RL.AREA.AGR.HA.NO,RL.AREA.AGR.HA.NO,share,,,weighted.mean,,100,,
RL.AREA.AGR.HA.NO,,,,,,,sum,,,,
RL.AREA.AGR.HA.SH,RL.AREA.AGR.HA.NO,RL.AREA.LAND.HA.NO,RL.AREA.LAND.HA.NO,share,,,weighted.mean,,100,,
RL.AREA.ARBL.HA.NO,,,,,,,sum,,,,
RL.AREA.ARBL.HA.SH,RL.AREA.ARBL.HA.NO,RL.AREA.AGR.HA.NO,RL.AREA.AGR.HA.NO,share,,,weighted.mean,,100,,
RL.AREA.ARBL.HA.SHP,RL.AREA.ARBL.HA.NO,POP.TOT,POP.TOT,share,,,weighted.mean,,,,
RL.AREA.PRMNCR.HA.NO,,,,,,,sum,,,,
RL.AREA.PRMNCR.HA.SH,RL.AREA.PRMNCR.HA.NO,RL.AREA.AGR.HA.NO,RL.AREA.AGR.HA.NO,share,,,weighted.mean,,100,,
RL.AREA.PRMNMP.HA.NO,,,,,,,sum,,,,
RL.AREA.PRMNMP.HA.SH,RL.AREA.PRMNMP.HA.NO,RL.AREA.AGR.HA.NO,RL.AREA.AGR.HA.NO,share,,,weighted.mean,,100,,
RL.AREA.FOR.HA.NO,,,,,,,sum,,,,
RL.AREA.FOR.HA.SH,RL.AREA.FOR.HA.NO,RL.AREA.LAND.HA.NO,RL.AREA.LAND.HA.NO,share,,,weighted.mean,,100,,
RL.AREA.FOR.HA.GR1,RL.AREA.FOR.HA.NO,,RL.AREA.FOR.HA.NO,growth,1,geo,weighted.mean,,,,
RL.AREA.FOR.HA.GR21,RL.AREA.FOR.HA.NO,,RL.AREA.FOR.HA.NO,growth,21,geo,weighted.mean,,,,
RL.AREA.OTH.HA.NO,,,,,,,sum,,,,
RL.AREA.OTH.HA.SH,RL.AREA.OTH.HA.NO,RL.AREA.LAND.HA.NO,RL.AREA.LAND.HA.NO,share,,,weighted.mean,,100,,
RL.AREA.ARBLPRMN.HA.NO,,,,,,,sum,,,,
RL.AREA.ARBLPRMN.HA.SH,RL.AREA.ARBLPRMN.HA.NO,POP.TOT,POP.TOT,share,,,weighted.mean,,,,
RL.AREA.INLWAT.HA.NO,,,,,,,sum,,,,
AQ.WAT.WATPCP.MC.NO,,,,,,,,,,"aquastat, no aggregation has to be done",
AQ.WAT.IRRPOT.HA.NO,,,,,,,,,,"aquastat, no aggregation has to be done",
AQ.WAT.EQIRR.HA.NO,,,,,,,,,,"aquastat, no aggregation has to be done",
AQ.WAT.EQIRR.HA.SH,AQ.WAT.EQIRR.HA.NO,RL.AREA.ARBLPRMN.HA.NO,,share,,,,,100,"aquastat, no aggregation has to be done",
AQ.WAT.SHIRR.HA.SH,,,,,,,,,,"aquastat, no aggregation has to be done",
AQ.WAT.WWAGR.MC.NO,,,,,,,,,,"aquastat, no aggregation has to be done",
AQ.WAT.WWAGR.MC.SH,,,,,,,,,,"aquastat, no aggregation has to be done",
AQ.WAT.WWIND.MC.NO,,,,,,,,,,"aquastat, no aggregation has to be done",
AQ.WAT.WWIND.MC.SH,,,,,,,,,,"aquastat, no aggregation has to be done",
AQ.WAT.WWMUN.MC.NO,,,,,,,,,,"aquastat, no aggregation has to be done",
AQ.WAT.WWMUN.MC.SH,,,,,,,,,,"aquastat, no aggregation has to be done",
AQ.WAT.WWTOT.MC.NO,,,,,,,,,,"aquastat, no aggregation has to be done",
AQ.WAT.WWTOT.MC.SH,,,,,,,,,,"aquastat, no aggregation has to be done",
AQ.WAT.RFRWTOT.MC.SH,,,,,,,,,,"aquastat, no aggregation has to be done",
AQ.WAT.RFRWAGR.MC.SH,,,,,,,,,,"aquastat, no aggregation has to be done",
SL.TLF.0714.ZS,,,,,,,,,,WB doesn't aggregate this variable,
SL.AGR.0714.ZS,,,,,,,,,,WB doesn't aggregate this variable,
SL.AGR.0714.FE.ZS,,,,,,,,,,WB doesn't aggregate this variable,
SL.AGR.0714.MA.ZS,,,,,,,,,,WB doesn't aggregate this variable,
SL.EMP.TOTL.FE,,,,,,,sum,,,used just to compute the female empl weight,
SL.EMP.TOTL.MA,,,,,,,sum,,,used just to compute the male empl weight,
SL.AGR.EMPL.FE.ZS,,,SL.EMP.TOTL.FE,,,,weighted.mean,,,,
SL.AGR.EMPL.MA.ZS,,,SL.EMP.TOTL.MA,,,,weighted.mean,,,,
SL.EMP.TOTL,,,,,,,sum,,,use as weight,
SL.AGR.EMPL.ZS,,,SL.EMP.TOTL,,,,weighted.mean,,,,
SL.IND.EMPL.ZS,,,SL.EMP.TOTL,,,,weighted.mean,,,,
SL.SRV.EMPL.ZS,,,SL.EMP.TOTL,,,,weighted.mean,,,,
SP.POP.1564.FE.IN,,,,,,,sum,,,used just to compute the lab part rate weight,
SP.POP.65UP.FE.IN,,,,,,,sum,,,used just to compute the lab part rate weight,
LABPARTFEWEIGHT,,,,manual,,,sum,,,labor part rate weight ('SP.POP.1564.FE.IN'+'SP.POP.65UP.FE.IN'),
SP.POP.1564.MA.IN,,,,,,,sum,,,used just to compute the lab part rate weight,
SP.POP.65UP.MA.IN,,,,,,,sum,,,used just to compute the lab part rate weight,
LABPARTMAWEIGHT,,,,manual,,,sum,,,labor part rate weight ('SP.POP.1564.MA.IN'+'SP.POP.65UP.MA.IN'),
SL.TLF.CACT.MA.ZS,,,POP.TOT,,,,weighted.mean,,,"impossible to construct the variable weighting by LABPARTMAWEIGHT (it is impossible to download the variable and even then too many missing values), we have to weight by total population following the world bank method",
SL.TLF.CACT.FE.ZS,,,POP.TOT,,,,weighted.mean,,,"impossible to construct the variable weighting by LABPARTFEWEIGHT (it is impossible to download the variable and even then too many missing values), we have to weight by total population following the world bank method",
RF.FERT.NI.TN.NO,,,,,,,sum,,,,
RF.FERT.NI.TN.SH,RF.FERT.NI.TN.NO,RL.AREA.ARBLPRMN.HA.NO,RL.AREA.ARBLPRMN.HA.NO,share,,,weighted.mean,,1000,from tonne/ha to kg/ha,
RF.FERT.PH.TN.NO,,,,,,,sum,,,,
RF.FERT.PH.TN.SH,RF.FERT.PH.TN.NO,RL.AREA.ARBLPRMN.HA.NO,RL.AREA.ARBLPRMN.HA.NO,share,,,weighted.mean,,1000,from tonne/ha to kg/ha,
RF.FERT.PO.TN.NO,,,,,,,sum,,,,
RF.FERT.PO.TN.SH,RF.FERT.PO.TN.NO,RL.AREA.ARBLPRMN.HA.NO,RL.AREA.ARBLPRMN.HA.NO,share,,,weighted.mean,,1000,from tonne/ha to kg/ha,
RF.FERT.NIPH.TN.NO,,,,,,,sum,,,,
RF.FERT.NIPH.TN.SH,RF.FERT.NIPH.TN.NO,RL.AREA.ARBLPRMN.HA.NO,RL.AREA.ARBLPRMN.HA.NO,share,,,weighted.mean,,1000,from tonne/ha to kg/ha,
RP.PEST.INS.TN.NO,,,,,,,sum,,,,
RP.PEST.MO.TN.NO,,,,,,,sum,,,,
RP.PEST.HE.TN.NO,,,,,,,sum,,,,
RP.PEST.FB.TN.NO,,,,,,,sum,,,,
RP.PEST.STF.TN.NO,,,,,,,sum,,,,
RP.PEST.STI.TN.NO,,,,,,,sum,,,,
RP.PEST.TOT.TN.NO,,,,manual,,,sum,,,sum of all pesticides,
RP.PEST.TOT.TN.SH,RP.PEST.TOT.TN.NO,RL.AREA.ARBLPRMN.HA.NO,RL.AREA.ARBLPRMN.HA.NO,share,,,weighted.mean,,1000,from tonne/ha to kg/ha,
RM.MA.TRA.TR.NO,,,,,,,sum,,,,
ODA.AGRREC.COM.USD.NO,,,,,,,sum,YES,,oda,
ODA.AGRREC.COM.USD.SH,ODA.AGRREC.COM.USD.NO,ODA.TOTREC.COM.USD.NO,ODA.TOTREC.COM.USD.NO,share,,,weighted.mean,,100,oda,
ODA.AGRDON.COM.USD.NO,,,,,,,sum,YES,,oda,
ODA.FORREC.COM.USD.NO,,,,,,,sum,YES,,oda,
ODA.FORREC.COM.USD.SH,ODA.FORREC.COM.USD.NO,ODA.TOTREC.COM.USD.NO,ODA.TOTREC.COM.USD.NO,share,,,weighted.mean,,100,oda,
ODA.FORDON.COM.USD.NO,,,,,,,sum,YES,,oda,
ODA.FISHREC.COM.USD.NO,,,,,,,sum,YES,,oda,
ODA.FISHREC.COM.USD.SH,ODA.FISHREC.COM.USD.NO,ODA.TOTREC.COM.USD.NO,ODA.TOTREC.COM.USD.NO,share,,,weighted.mean,,100,oda,
ODA.FISHDON.COM.USD.NO,,,,,,,sum,YES,,oda,
ODA.AFFREC.COM.USD.NO,,,,,,,sum,YES,,oda,
ODA.AFFREC.COM.USD.SH,ODA.AFFREC.COM.USD.NO,ODA.TOTREC.COM.USD.NO,ODA.TOTREC.COM.USD.NO,share,,,weighted.mean,,100,oda,
ODA.AFFDON.COM.USD.NO,,,,,,,sum,YES,,oda,
ODA.TOTREC.COM.USD.NO,,,,,,,sum,YES,,oda,
ODA.TOTDON.COM.USD.NO,,,,,,,sum,YES,,oda,
CS.GCS.TOT.USD.NO,,,,,,,sum,,,,
CS.GCS.TOT.USD.GR7,CS.GCS.TOT.USD.NO,,CS.GCS.TOT.USD.NO,growth,7,geo,weighted.mean,,,,
CS.GCS.TOT.USD.GR10,CS.GCS.TOT.USD.NO,,CS.GCS.TOT.USD.NO,growth,10,geo,weighted.mean,,,,
CS.GCS.LD.USD.NO,,,,,,,sum,,,,
CS.GCS.LD.USD.SH,CS.GCS.LD.USD.NO,CS.GCS.TOT.USD.NO,CS.GCS.TOT.USD.NO,share,,,weighted.mean,,100,,
CS.GCS.LFA.USD.NO,,,,,,,sum,,,,
CS.GCS.LFA.USD.SH,CS.GCS.LFA.USD.NO,CS.GCS.TOT.USD.NO,CS.GCS.TOT.USD.NO,share,,,weighted.mean,,100,,
CS.GCS.LI.USD.NO,,,,,,,sum,,,,
CS.GCS.LI.USD.SH,CS.GCS.LI.USD.NO,CS.GCS.TOT.USD.NO,CS.GCS.TOT.USD.NO,share,,,weighted.mean,,100,,
CS.GCS.ME.USD.NO,,,,,,,sum,,,,
CS.GCS.ME.USD.SH,CS.GCS.ME.USD.NO,CS.GCS.TOT.USD.NO,CS.GCS.TOT.USD.NO,share,,,weighted.mean,,100,,
CS.GCS.PC.USD.NO,,,,,,,sum,,,,
CS.GCS.PC.USD.SH,CS.GCS.PC.USD.NO,CS.GCS.TOT.USD.NO,CS.GCS.TOT.USD.NO,share,,,weighted.mean,,100,,
CS.GCS.SL.USD.NO,,,,,,,sum,,,,
CS.GCS.SL.USD.SH,CS.GCS.SL.USD.NO,CS.GCS.TOT.USD.NO,CS.GCS.TOT.USD.NO,share,,,weighted.mean,,100,,
IG.AFFH.STOCGG.USD.SH,,,,,,,,,,no aggregation has to be done,
IG.AFFH.STONCGG.USD.SH,,,,,,,,,,no aggregation has to be done,
IG.AFFH.SAGCGG.USD.SH,,,,,,,,,,no aggregation has to be done,
IG.AFFH.SAGNCGG.USD.SH,,,,,,,,,,no aggregation has to be done,
IG.EP.STOCGG.USD.SH,,,,,,,,,,no aggregation has to be done,
IG.EP.STONCGG.USD.SH,,,,,,,,,,no aggregation has to be done,
FDI.AHFF.IF.USD.NO,,,,,,,sum,,,,
FDI.FBT.IF.USD.NO,,,,,,,sum,,,,
FDI.TOT.IF.USD.NO,,,,,,,sum,,,,
ASTI.TPE.AR.USD.SH,,,,,,,,,,no aggregation has to be done,
ASTI.TPE.ARD.USD.NO,,,,,,,sum,,,,
IT.CEL.SETS,,,,,,,sum,,,,
IT.CEL.SETS.GR12,IT.CEL.SETS,,IT.CEL.SETS,growth,12,geo,weighted.mean,,,,
IT.NET.BBND.P2,,,POP.TOT,,,,weighted.mean,,,,
IT.CEL.SETS.P2,,,POP.TOT,,,,weighted.mean,,,,
IT.MLT.MAIN.P2,,,POP.TOT,,,,weighted.mean,,,,
IQ.CPA.BREG.XQ,,,,,,,,,,no aggregation has to be done,
SI.POV.GAPS,,,,,,,,,,no aggregation has to be done,
SI.POV.GAP2,,,,,,,,,,no aggregation has to be done,
SI.POV.NAGP,,,,,,,,,,no aggregation has to be done,
SI.POV.RUGP,,,,,,,,,,no aggregation has to be done,
SI.POV.URGP,,,,,,,,,,no aggregation has to be done,
SI.POV.DDAY,,,,,,,,,,no aggregation has to be done,
SI.POV.2DAY,,,,,,,,,,no aggregation has to be done,
SI.POV.NAHC,,,,,,,,,,no aggregation has to be done,
SI.POV.RUHC,,,,,,,,,,no aggregation has to be done,
SI.POV.URHC,,,,,,,,,,no aggregation has to be done,
SI.POV.GINI,,,,,,,,,,no aggregation has to be done,
SI.DST.05TH.20,,,,,,,,,,no aggregation has to be done,
SI.DST.FRST.20,,,,,,,,,,no aggregation has to be done,
SE.PRM.CMPT.ZS,,,POP.TOT,,,,weighted.mean,,,,
SE.ADT.LITR.FE.ZS,,,,,,,,,,we cannot compute the aggs weighting by POP.TOT…aggs too different,
SE.ENR.PRSC.FM.ZS,,,POP.TOT,,,,weighted.mean,,,,
SE.PRM.NENR.FE,,,,,,,,,,no aggregation has to be done,
SE.PRM.NENR.MA,,,,,,,,,,no aggregation has to be done,
SH.XPD.TOTL.ZS,,,NY.GDP.MKTP.CD,,,,weighted.mean,,,,
EN.CLC.MDAT.ZS,,,POP.TOT,,,,weighted.mean,,,,
DA.DET.AV.IN.NO,,,,,,,,,,no aggregation has to be done,
DA.DET.FPI.I.NO,,,,,,,,,,no aggregation has to be done,
DA.DET.ES.KCD.SH,,,,,,,,,,no aggregation has to be done,
DA.DET.PS.GR.NO,,,,,,,,,,no aggregation has to be done,
DA.DET.PS.GR.CH18,DA.DET.PS.GR.NO,,,manual,,,,,,no aggregation has to be done,
DA.DET.APS.GR.NO,,,,,,,,,,no aggregation has to be done,
DA.DET.APS.GR.CH18,DA.DET.APS.GR.NO,,,manual,,,,,,no aggregation has to be done,
DA.DET.FS.GR.NO,,,,,,,,,,no aggregation has to be done,
DA.DET.FS.GR.CH18,DA.DET.FS.GR.NO,,,manual,,,,,,no aggregation has to be done,
DE.DET.EA.IN.NO,,,,,,,,,,no aggregation has to be done,
DP.DET.PAPR.KM.SH,,,,,,,,,,no aggregation has to be done,
DP.DET.PARLD.KM.SH,,,,,,,,,,no aggregation has to be done,
DP.DET.PARD.KM.SH,,,,,,,,,,no aggregation has to be done,
DO.OUT.ACDFD.DP.NO,,,,,,,,,,no aggregation has to be done,
DO.OUT.ACPU.POP.NO,,,,,,,,,,no aggregation has to be done,
DO.OUT.ACNU.POP.NO,,,,,,,,,,no aggregation has to be done,
DO.OUT.ACPFI.POP.NO,,,,,,,,,,no aggregation has to be done,
DO.OUT.ACFEP.EXP.SH,,,,,,,,,,no aggregation has to be done,
DU.DET.UTWR.POP.SH,,,,,,,,,,no aggregation has to be done,
DU.DET.UTSF.POP.SH,,,,,,,,,,no aggregation has to be done,
DT.OUT.UTST.POP.SH,,,,,,,,,,no aggregation has to be done,
DT.OUT.UTWA.POP.SH,,,,,,,,,,no aggregation has to be done,
DT.OUT.UTUN.POP.SH,,,,,,,,,,no aggregation has to be done,
DT.OUT.UTAUN.POP.SH,,,,,,,,,,no aggregation has to be done,
DV.VS.DFPI.IN.NO,,,,,,,,,,no aggregation has to be done,
DV.VS.FPV.IN.SH,,,,,,,,,,no aggregation has to be done,
DV.VS.FSV.IN.SH,,,,,,,,,,no aggregation has to be done,
DV.VS.FIME.FE.SH,,,,,,,,,,no aggregation has to be done,
DV.VS.PS.IN.NO,,,,,,,,,,no aggregation has to be done,
DV.VS.CIDR.IN.NO,,,,,,,,,,no aggregation has to be done,
DV.VS.AEI.IN.SH,,,,,,,,,,no aggregation has to be done,
QC.PRD.CRLS.TN.NO,,,,,,,sum,,,,
QC.PRD.CRLS.TN.SHP,QC.PRD.CRLS.TN.NO,POP.TOT,POP.TOT,share,,,weighted.mean,,1000,from tonne/cap to kg/cap,
QC.PRD.CRLS.TN.GR10,QC.PRD.CRLS.TN.NO,,QC.PRD.CRLS.TN.NO,growth,10,geo,weighted.mean,,,ls,
QC.PRD.CRLS.TN.GR11,QC.PRD.CRLS.TN.NO,,QC.PRD.CRLS.TN.NO,growth,11,geo,weighted.mean,,,ls,
QC.RHRV.CRLS.HA.NO,,,,,,,sum,,,,
QC.RHRV.CRLS.HA.GR10,QC.RHRV.CRLS.HA.NO,,QC.RHRV.CRLS.HA.NO,growth,10,geo,weighted.mean,,,ls,
QC.RHRV.CRLS.HA.GR11,QC.RHRV.CRLS.HA.NO,,QC.RHRV.CRLS.HA.NO,growth,11,geo,weighted.mean,,,ls,
QC.YIELD.CRLS.HG.NO,,,QC.RHRV.CRLS.HA.NO,,,,weighted.mean,,,I weighted the yield by the harvested area,
QC.YIELD.CRLS.HG.GR10,QC.YIELD.CRLS.HG.NO,,QC.YIELD.CRLS.HG.NO,growth,10,geo,weighted.mean,,,ls,
QC.YIELD.CRLS.HG.GR11,QC.YIELD.CRLS.HG.NO,,QC.YIELD.CRLS.HG.NO,growth,11,geo,weighted.mean,,,ls,
QC.PRD.CRSGRN.TN.NO,,,,,,,sum,,,,
QC.PRD.CRSGRN.TN.SHW,QC.PRD.CRSGRN.TN.NO,,,share,,,sum,,100,,
QC.PRD.CRSGRN.TN.SHP,QC.PRD.CRSGRN.TN.NO,POP.TOT,POP.TOT,share,,,weighted.mean,,1000,from tonne/cap to kg/cap,
QC.PRD.CRSGRN.TN.GR10,QC.PRD.CRSGRN.TN.NO,,QC.PRD.CRSGRN.TN.NO,growth,10,geo,weighted.mean,,,ls,
QC.PRD.CRSGRN.TN.GR11,QC.PRD.CRSGRN.TN.NO,,QC.PRD.CRSGRN.TN.NO,growth,11,geo,weighted.mean,,,ls,
QC.RHRV.CRSGRN.HA.NO,,,,,,,sum,,,,
QC.RHRV.CRSGRN.HA.SHW,QC.RHRV.CRSGRN.HA.NO,,,share,,,sum,,100,,
QC.RHRV.CRSGRN.HA.SHL,QC.RHRV.CRSGRN.HA.NO,RL.AREA.AGR.HA.NO,RL.AREA.AGR.HA.NO,share,,,weighted.mean,,100,,
QC.RHRV.CRSGRN.HA.GR10,QC.RHRV.CRSGRN.HA.NO,,QC.RHRV.CRSGRN.HA.NO,growth,10,geo,weighted.mean,,,ls,
QC.RHRV.CRSGRN.HA.GR11,QC.RHRV.CRSGRN.HA.NO,,QC.RHRV.CRSGRN.HA.NO,growth,11,geo,weighted.mean,,,ls,
QC.YIELD.CRSGRN.HG.NO,,,QC.RHRV.CRSGRN.HA.NO,,,,weighted.mean,,,I weighted the yield by the harvested area,
QC.YIELD.CRSGRN.HG.GR10,QC.YIELD.CRSGRN.HG.NO,,QC.YIELD.CRSGRN.HG.NO,growth,10,geo,weighted.mean,,,ls,
QC.YIELD.CRSGRN.HG.GR11,QC.YIELD.CRSGRN.HG.NO,,QC.YIELD.CRSGRN.HG.NO,growth,11,geo,weighted.mean,,,ls,
QC.PRD.RICE.TN.NO,,,,,,,sum,,,,
QC.PRD.RICE.TN.SHP,QC.PRD.RICE.TN.NO,POP.TOT,POP.TOT,share,,,weighted.mean,,1000,from tonne/cap to kg/cap,
QC.PRD.RICE.TN.GR10,QC.PRD.RICE.TN.NO,,QC.PRD.RICE.TN.NO,growth,10,geo,weighted.mean,,,,
QC.PRD.RICE.TN.GR11,QC.PRD.RICE.TN.NO,,QC.PRD.RICE.TN.NO,growth,11,geo,weighted.mean,,,,
QC.RHRV.RICE.HA.NO,,,,,,,sum,,,,
QC.RHRV.RICE.HA.GR10,QC.RHRV.RICE.HA.NO,,QC.RHRV.RICE.HA.NO,growth,10,geo,weighted.mean,,,,
QC.RHRV.RICE.HA.GR11,QC.RHRV.RICE.HA.NO,,QC.RHRV.RICE.HA.NO,growth,11,geo,weighted.mean,,,,
QC.YIELD.RICE.HG.NO,,,QC.RHRV.RICE.HA.NO,,,,weighted.mean,,,I weighted the yield by the harvested area,
QC.YIELD.RICE.HG.GR10,QC.YIELD.RICE.HG.NO,,QC.YIELD.RICE.HG.NO,growth,10,geo,weighted.mean,,,,
QC.YIELD.RICE.HG.GR11,QC.YIELD.RICE.HG.NO,,QC.YIELD.RICE.HG.NO,growth,11,geo,weighted.mean,,,,
QC.PRD.WHT.TN.NO,,,,,,,sum,,,,
QC.PRD.WHT.TN.SHP,QC.PRD.WHT.TN.NO,POP.TOT,POP.TOT,share,,,weighted.mean,,1000,from tonne/cap to kg/cap,
QC.PRD.WHT.TN.SHW,QC.PRD.WHT.TN.NO,,,share,,,sum,,100,,
QC.PRD.WHT.TN.GR10,QC.PRD.WHT.TN.NO,,QC.PRD.WHT.TN.NO,growth,10,geo,weighted.mean,,,ls,
QC.PRD.WHT.TN.GR11,QC.PRD.WHT.TN.NO,,QC.PRD.WHT.TN.NO,growth,11,geo,weighted.mean,,,ls,
QC.RHRV.WHT.HA.NO,,,,,,,sum,,,,
QC.RHRV.WHT.HA.SHW,QC.RHRV.WHT.HA.NO,,,share,,,sum,,100,,
QC.RHRV.WHT.HA.SHL,QC.RHRV.WHT.HA.NO,RL.AREA.AGR.HA.NO,RL.AREA.AGR.HA.NO,share,,,weighted.mean,,100,,
QC.RHRV.WHT.HA.GR10,QC.RHRV.WHT.HA.NO,,QC.RHRV.WHT.HA.NO,growth,10,geo,weighted.mean,,,ls,
QC.RHRV.WHT.HA.GR11,QC.RHRV.WHT.HA.NO,,QC.RHRV.WHT.HA.NO,growth,11,geo,weighted.mean,,,ls,
QC.YIELD.WHT.HG.NO,,,QC.RHRV.WHT.HA.NO,,,,weighted.mean,,,I weighted the yield by the harvested area,
QC.YIELD.WHT.HG.GR10,QC.YIELD.WHT.HG.NO,,QC.YIELD.WHT.HG.NO,growth,10,geo,weighted.mean,,,ls,
QC.YIELD.WHT.HG.GR11,QC.YIELD.WHT.HG.NO,,QC.YIELD.WHT.HG.NO,growth,11,geo,weighted.mean,,,ls,
QC.PRD.OILCRPS.TN.NO,,,,,,,sum,,,,
QC.PRD.OILCRPS.TN.SHW,QC.PRD.OILCRPS.TN.NO,,,share,,,sum,,100,,
QC.PRD.OILCRPS.TN.SHL,QC.PRD.OILCRPS.TN.NO,RL.AREA.LAND.HA.NO,RL.AREA.LAND.HA.NO,share,,,weighted.mean,,100,,
QC.PRD.OILCRPS.TN.SHP,QC.PRD.OILCRPS.TN.NO,POP.TOT,POP.TOT,share,,,weighted.mean,,1000,from tonne/cap to kg/cap,
QC.PRD.OILCRPS.TN.GR10,QC.PRD.OILCRPS.TN.NO,,QC.PRD.OILCRPS.TN.NO,growth,10,geo,weighted.mean,,,ls,
QC.PRD.OILCRPS.TN.GR11,QC.PRD.OILCRPS.TN.NO,,QC.PRD.OILCRPS.TN.NO,growth,11,geo,weighted.mean,,,ls,
QC.RHRV.OILCRPS.HA.NO,,,,,,,sum,,,,
QC.RHRV.OILCRPS.HA.SHW,QC.RHRV.OILCRPS.HA.NO,,,share,,,sum,,100,,
QC.RHRV.OILCRPS.HA.GR10,QC.RHRV.OILCRPS.HA.NO,,QC.RHRV.OILCRPS.HA.NO,growth,10,geo,weighted.mean,,,ls,
QC.RHRV.OILCRPS.HA.GR11,QC.RHRV.OILCRPS.HA.NO,,QC.RHRV.OILCRPS.HA.NO,growth,11,geo,weighted.mean,,,ls,
QC.YIELD.OILCRPS.HG.NO,,,QC.RHRV.OILCRPS.HA.NO,,,,weighted.mean,,,I weighted the yield by the harvested area,
QC.YIELD.OILCRPS.HG.GR10,QC.YIELD.OILCRPS.HG.NO,,QC.YIELD.OILCRPS.HG.NO,growth,10,geo,weighted.mean,,,,
QC.YIELD.OILCRPS.HG.GR11,QC.YIELD.OILCRPS.HG.NO,,QC.YIELD.OILCRPS.HG.NO,growth,11,geo,weighted.mean,,,,
QC.PRD.PULSE.TN.NO,,,,,,,sum,,,,
QC.PRD.PULSE.TN.SHP,QC.PRD.PULSE.TN.NO,POP.TOT,POP.TOT,share,,,weighted.mean,,1000,from tonne/cap to kg/cap,
QC.PRD.PULSE.TN.GR10,QC.PRD.PULSE.TN.NO,,QC.PRD.PULSE.TN.NO,growth,10,geo,weighted.mean,,,ls,
QC.PRD.PULSE.TN.GR11,QC.PRD.PULSE.TN.NO,,QC.PRD.PULSE.TN.NO,growth,11,geo,weighted.mean,,,ls,
QC.RHRV.PULSE.HA.NO,,,,,,,sum,,,,
QC.RHRV.PULSE.HA.GR10,QC.RHRV.PULSE.HA.NO,,QC.RHRV.PULSE.HA.NO,growth,10,geo,weighted.mean,,,ls,
QC.RHRV.PULSE.HA.GR11,QC.RHRV.PULSE.HA.NO,,QC.RHRV.PULSE.HA.NO,growth,11,geo,weighted.mean,,,ls,
QC.YIELD.PULSE.HG.NO,,,QC.RHRV.PULSE.HA.NO,,,,weighted.mean,,,I weighted the yield by the harvested area,
QC.YIELD.PULSE.HG.GR10,QC.YIELD.PULSE.HG.NO,,QC.YIELD.PULSE.HG.NO,growth,10,geo,weighted.mean,,,ls,
QC.YIELD.PULSE.HG.GR11,QC.YIELD.PULSE.HG.NO,,QC.YIELD.PULSE.HG.NO,growth,11,geo,weighted.mean,,,ls,
QC.PRD.RTTB.TN.NO,,,,,,,sum,,,,
QC.PRD.RTTB.TN.SHW,QC.PRD.RTTB.TN.NO,,,share,,,sum,,100,,
QC.PRD.RTTB.TN.SHP,QC.PRD.RTTB.TN.NO,POP.TOT,POP.TOT,share,,,weighted.mean,,1000,from tonne/cap to kg/cap,
QC.PRD.RTTB.TN.GR10,QC.PRD.RTTB.TN.NO,,QC.PRD.RTTB.TN.NO,growth,10,geo,weighted.mean,,,ls,
QC.PRD.RTTB.TN.GR11,QC.PRD.RTTB.TN.NO,,QC.PRD.RTTB.TN.NO,growth,11,geo,weighted.mean,,,ls,
QC.RHRV.RTTB.HA.NO,,,,,,,sum,,,,
QC.RHRV.RTTB.HA.SHW,QC.RHRV.RTTB.HA.NO,,,share,,,sum,,100,,
QC.RHRV.RTTB.HA.SHL,QC.RHRV.RTTB.HA.NO,RL.AREA.AGR.HA.NO,RL.AREA.AGR.HA.NO,share,,,weighted.mean,,100,,
QC.RHRV.RTTB.HA.GR10,QC.RHRV.RTTB.HA.NO,,QC.RHRV.RTTB.HA.NO,growth,10,geo,weighted.mean,,,ls,
QC.RHRV.RTTB.HA.GR11,QC.RHRV.RTTB.HA.NO,,QC.RHRV.RTTB.HA.NO,growth,11,geo,weighted.mean,,,ls,
QC.YIELD.RTTB.HG.NO,,,QC.RHRV.RTTB.HA.NO,,,,weighted.mean,,,I weighted the yield by the harvested area,
QC.YIELD.RTTB.HG.GR10,QC.YIELD.RTTB.HG.NO,,QC.YIELD.RTTB.HG.NO,growth,10,geo,weighted.mean,,,ls,
QC.YIELD.RTTB.HG.GR11,QC.YIELD.RTTB.HG.NO,,QC.YIELD.RTTB.HG.NO,growth,11,geo,weighted.mean,,,ls,
QC.PRD.VEG.TN.NO,,,,,,,sum,,,,
QC.PRD.VEG.TN.SHW,QC.PRD.VEG.TN.NO,,,share,,,sum,,100,,
QC.PRD.VEG.TN.SHP,QC.PRD.VEG.TN.NO,POP.TOT,POP.TOT,share,,,weighted.mean,,1000,from tonne/cap to kg/cap,
QC.PRD.VEG.TN.GR10,QC.PRD.VEG.TN.NO,,QC.PRD.VEG.TN.NO,growth,10,geo,weighted.mean,,,ls,
QC.PRD.VEG.TN.GR11,QC.PRD.VEG.TN.NO,,QC.PRD.VEG.TN.NO,growth,11,geo,weighted.mean,,,ls,
QC.RHRV.VEG.HA.NO,,,,,,,sum,,,,
QC.RHRV.VEG.HA.SHW,QC.RHRV.VEG.HA.NO,,,share,,,sum,,100,,
QC.RHRV.VEG.HA.SHL,QC.RHRV.VEG.HA.NO,RL.AREA.AGR.HA.NO,RL.AREA.AGR.HA.NO,share,,,weighted.mean,,100,,
QC.RHRV.VEG.HA.GR10,QC.RHRV.VEG.HA.NO,,QC.RHRV.VEG.HA.NO,growth,10,geo,weighted.mean,,,ls,
QC.RHRV.VEG.HA.GR11,QC.RHRV.VEG.HA.NO,,QC.RHRV.VEG.HA.NO,growth,11,geo,weighted.mean,,,ls,
QC.YIELD.VEG.HG.NO,,,QC.RHRV.VEG.HA.NO,,,,weighted.mean,,,I weighted the yield by the harvested area,
QC.YIELD.VEG.HG.GR10,QC.YIELD.VEG.HG.NO,,QC.YIELD.VEG.HG.NO,growth,10,geo,weighted.mean,,,ls,
QC.YIELD.VEG.HG.GR11,QC.YIELD.VEG.HG.NO,,QC.YIELD.VEG.HG.NO,growth,11,geo,weighted.mean,,,ls,
QC.PRD.SU.TN.NO,,,,,,,sum,,,,
QC.PRD.SU.TN.SHW,QC.PRD.SU.TN.NO,,,share,,,sum,,100,,
QC.PRD.SU.TN.SHP,QC.PRD.SU.TN.NO,POP.TOT,POP.TOT,share,,,weighted.mean,,1000,from tonne/cap to kg/cap,
QC.PRD.SU.TN.GR10,QC.PRD.SU.TN.NO,,QC.PRD.SU.TN.NO,growth,10,geo,weighted.mean,,,ls,
QC.PRD.SU.TN.GR11,QC.PRD.SU.TN.NO,,QC.PRD.SU.TN.NO,growth,11,geo,weighted.mean,,,ls,
QC.RHRV.SU.HA.NO,,,,,,,sum,,,,
QC.RHRV.SU.HA.SHW,QC.RHRV.SU.HA.NO,,,share,,,sum,,100,,
QC.RHRV.SU.HA.SHL,QC.RHRV.SU.HA.NO,RL.AREA.AGR.HA.NO,RL.AREA.AGR.HA.NO,share,,,weighted.mean,,100,,
QC.RHRV.SU.HA.GR10,QC.RHRV.SU.HA.NO,,QC.RHRV.SU.HA.NO,growth,10,geo,weighted.mean,,,ls,
QC.RHRV.SU.HA.GR11,QC.RHRV.SU.HA.NO,,QC.RHRV.SU.HA.NO,growth,11,geo,weighted.mean,,,ls,
QC.YIELD.SU.HG.NO,,,QC.RHRV.SU.HA.NO,,,,weighted.mean,,,I weighted the yield by the harvested area,
QC.YIELD.SU.HG.GR10,QC.YIELD.SU.HG.NO,,QC.YIELD.SU.HG.NO,growth,10,geo,weighted.mean,,,ls,
QC.YIELD.SU.HG.GR11,QC.YIELD.SU.HG.NO,,QC.YIELD.SU.HG.NO,growth,11,geo,weighted.mean,,,ls,
QC.PRD.TN.TN.NO,,,,,,,sum,,,,
QC.PRD.TN.TN.SHP,QC.PRD.TN.TN.NO,POP.TOT,POP.TOT,share,,,weighted.mean,,1000,from tonne/cap to kg/cap,
QC.PRD.TN.TN.GR10,QC.PRD.TN.TN.NO,,QC.PRD.TN.TN.NO,growth,10,geo,weighted.mean,,,,
QC.PRD.TN.TN.GR11,QC.PRD.TN.TN.NO,,QC.PRD.TN.TN.NO,growth,11,geo,weighted.mean,,,,
QC.RHRV.TN.HA.NO,,,,,,,sum,,,,
QC.RHRV.TN.HA.GR10,QC.RHRV.TN.HA.NO,,QC.RHRV.TN.HA.NO,growth,10,geo,weighted.mean,,,,
QC.RHRV.TN.HA.GR11,QC.RHRV.TN.HA.NO,,QC.RHRV.TN.HA.NO,growth,11,geo,weighted.mean,,,,
QC.YIELD.TN.HG.NO,,,QC.RHRV.TN.HA.NO,,,,weighted.mean,,,I weighted the yield by the harvested area,
QC.YIELD.TN.HG.GR10,QC.YIELD.TN.HG.NO,,QC.YIELD.TN.HG.NO,growth,10,geo,weighted.mean,,,,
QC.YIELD.TN.HG.GR11,QC.YIELD.TN.HG.NO,,QC.YIELD.TN.HG.NO,growth,11,geo,weighted.mean,,,,
QC.PRD.FRU.TN.NO,,,,,,,sum,,,,
QC.PRD.FRU.TN.SHW,QC.PRD.FRU.TN.NO,,,share,,,sum,,100,,
QC.PRD.FRU.TN.SHP,QC.PRD.FRU.TN.NO,POP.TOT,POP.TOT,share,,,weighted.mean,,1000,from tonne/cap to kg/cap,
QC.PRD.FRU.TN.GR10,QC.PRD.FRU.TN.NO,,QC.PRD.FRU.TN.NO,growth,10,geo,weighted.mean,,,ls,
QC.PRD.FRU.TN.GR11,QC.PRD.FRU.TN.NO,,QC.PRD.FRU.TN.NO,growth,11,geo,weighted.mean,,,ls,
QC.RHRV.FRU.HA.NO,,,,,,,sum,,,,
QC.RHRV.FRU.HA.SHW,QC.RHRV.FRU.HA.NO,,,share,,,sum,,100,,
QC.RHRV.FRU.HA.SHL,QC.RHRV.FRU.HA.NO,RL.AREA.AGR.HA.NO,RL.AREA.AGR.HA.NO,share,,,weighted.mean,,100,,
QC.RHRV.FRU.HA.GR10,QC.RHRV.FRU.HA.NO,,QC.RHRV.FRU.HA.NO,growth,10,geo,weighted.mean,,,ls,
QC.RHRV.FRU.HA.GR11,QC.RHRV.FRU.HA.NO,,QC.RHRV.FRU.HA.NO,growth,11,geo,weighted.mean,,,ls,
QC.YIELD.FRU.HG.NO,,,QC.RHRV.FRU.HA.NO,,,,weighted.mean,,,I weighted the yield by the harvested area,
QC.YIELD.FRU.HG.GR10,QC.YIELD.FRU.HG.NO,,QC.YIELD.FRU.HG.NO,growth,10,geo,weighted.mean,,,ls,
QC.YIELD.FRU.HG.GR11,QC.YIELD.FRU.HG.NO,,QC.YIELD.FRU.HG.NO,growth,11,geo,weighted.mean,,,ls,
QC.PRD.CIFRU.TN.NO,,,,,,,sum,,,,
QC.PRD.CIFRU.TN.SHP,QC.PRD.CIFRU.TN.NO,POP.TOT,POP.TOT,share,,,weighted.mean,,1000,from tonne/cap to kg/cap,
QC.PRD.CIFRU.TN.GR10,QC.PRD.CIFRU.TN.NO,,QC.PRD.CIFRU.TN.NO,growth,10,geo,weighted.mean,,,ls,
QC.PRD.CIFRU.TN.GR11,QC.PRD.CIFRU.TN.NO,,QC.PRD.CIFRU.TN.NO,growth,11,geo,weighted.mean,,,ls,
QC.RHRV.CIFRU.HA.NO,,,,,,,sum,,,,
QC.RHRV.CIFRU.HA.GR10,QC.RHRV.CIFRU.HA.NO,,QC.RHRV.CIFRU.HA.NO,growth,10,geo,weighted.mean,,,ls,
QC.RHRV.CIFRU.HA.GR11,QC.RHRV.CIFRU.HA.NO,,QC.RHRV.CIFRU.HA.NO,growth,11,geo,weighted.mean,,,ls,
QC.YIELD.CIFRU.HG.NO,,,QC.RHRV.CIFRU.HA.NO,,,,weighted.mean,,,I weighted the yield by the harvested area,
QC.YIELD.CIFRU.HG.GR10,QC.YIELD.CIFRU.HG.NO,,QC.YIELD.CIFRU.HG.NO,growth,10,geo,weighted.mean,,,ls,
QC.YIELD.CIFRU.HG.GR11,QC.YIELD.CIFRU.HG.NO,,QC.YIELD.CIFRU.HG.NO,growth,11,geo,weighted.mean,,,ls,
QC.PRD.FC.TN.NO,,,,,,,sum,,,,
QC.PRD.FC.TN.SHP,QC.PRD.FC.TN.NO,POP.TOT,POP.TOT,share,,,weighted.mean,,1000,from tonne/cap to kg/cap,
QC.PRD.FC.TN.GR10,QC.PRD.FC.TN.NO,,QC.PRD.FC.TN.NO,growth,10,geo,weighted.mean,,,ls,
QC.PRD.FC.TN.GR11,QC.PRD.FC.TN.NO,,QC.PRD.FC.TN.NO,growth,11,geo,weighted.mean,,,ls,
QC.RHRV.FC.HA.NO,,,,,,,sum,,,,
QC.RHRV.FC.HA.GR10,QC.RHRV.FC.HA.NO,,QC.RHRV.FC.HA.NO,growth,10,geo,weighted.mean,,,ls,
QC.RHRV.FC.HA.GR11,QC.RHRV.FC.HA.NO,,QC.RHRV.FC.HA.NO,growth,11,geo,weighted.mean,,,ls,
QC.YIELD.FC.HG.NO,,,QC.RHRV.FC.HA.NO,,,,weighted.mean,,,I weighted the yield by the harvested area,
QC.YIELD.FC.HG.GR10,QC.YIELD.FC.HG.NO,,QC.YIELD.FC.HG.NO,growth,10,geo,weighted.mean,,,ls,
QC.YIELD.FC.HG.GR11,QC.YIELD.FC.HG.NO,,QC.YIELD.FC.HG.NO,growth,11,geo,weighted.mean,,,ls,
QC.PRD.JJ.TN.NO,,,,,,,sum,,,,
QC.PRD.JJ.TN.SHP,QC.PRD.JJ.TN.NO,POP.TOT,POP.TOT,share,,,weighted.mean,,1000,from tonne/cap to kg/cap,
QC.PRD.JJ.TN.GR10,QC.PRD.JJ.TN.NO,,QC.PRD.FC.TN.NO,growth,10,geo,weighted.mean,,,ls,
QC.PRD.JJ.TN.GR11,QC.PRD.JJ.TN.NO,,QC.PRD.FC.TN.NO,growth,11,geo,weighted.mean,,,ls,
QC.RHRV.JJ.HA.NO,,,,,,,sum,,,,
QC.RHRV.JJ.HA.GR10,QC.RHRV.JJ.HA.NO,,QC.RHRV.JJ.HA.NO,growth,10,geo,weighted.mean,,,ls,
QC.RHRV.JJ.HA.GR11,QC.RHRV.JJ.HA.NO,,QC.RHRV.JJ.HA.NO,growth,11,geo,weighted.mean,,,ls,
QC.YIELD.JJ.HG.NO,,,QC.RHRV.JJ.HA.NO,,,,weighted.mean,,,I weighted the yield by the harvested area,
QC.YIELD.JJ.HG.GR10,QC.YIELD.JJ.HG.NO,,QC.YIELD.JJ.HG.NO,growth,10,geo,weighted.mean,,,ls,
QC.YIELD.JJ.HG.GR11,QC.YIELD.JJ.HG.NO,,QC.YIELD.JJ.HG.NO,growth,11,geo,weighted.mean,,,ls,
QA.STCK.CB.HD.NO,,,,,,,sum,,,,
QA.STCK.CB.HD.SHW,QA.STCK.CB.HD.NO,,,share,,,sum,,100,,
QA.STCK.CB.HD.SHL,QA.STCK.CB.HD.NO,RL.AREA.AGR.HA.NO,RL.AREA.AGR.HA.NO,share,,,weighted.mean,,,,
QA.STCK.CB.HD.GR11,QA.STCK.CB.HD.NO,,QA.STCK.CB.HD.NO,growth,11,geo,weighted.mean,,,ls,
QA.STCK.SG.HD.NO,,,,,,,sum,,,,
QA.STCK.SG.HD.SHW,QA.STCK.SG.HD.NO,,,share,,,sum,,100,,
QA.STCK.SG.HD.SHL,QA.STCK.SG.HD.NO,RL.AREA.AGR.HA.NO,RL.AREA.AGR.HA.NO,share,,,weighted.mean,,,,
QA.STCK.SG.HD.GR11,QA.STCK.SG.HD.NO,,QA.STCK.SG.HD.NO,growth,11,geo,weighted.mean,,,ls,
QA.STCK.PB.HD.NO,,,,,,,sum,,,,
QA.STCK.PB.HD.SHL,QA.STCK.PB.HD.NO,RL.AREA.AGR.HA.NO,RL.AREA.AGR.HA.NO,share,,,weighted.mean,,,,
QA.STCK.PB.HD.SHW,QA.STCK.PB.HD.NO,,,share,,,sum,,100,,
QA.STCK.PB.HD.GR11,QA.STCK.PB.HD.NO,,QA.STCK.PB.HD.NO,growth,11,geo,weighted.mean,,,ls,
QA.STCK.PIG.HD.NO,,,,,,,sum,,,,
QA.STCK.PIG.HD.SHW,QA.STCK.PIG.HD.NO,,,share,,,sum,,100,,
QA.STCK.PIG.HD.SHL,QA.STCK.PIG.HD.NO,RL.AREA.AGR.HA.NO,RL.AREA.AGR.HA.NO,share,,,weighted.mean,,,,
QA.STCK.PIG.HD.GR11,QA.STCK.PIG.HD.NO,,QA.STCK.PIG.HD.NO,growth,11,geo,weighted.mean,,,,
QA.STCK.CHI.HD.NO,,,,,,,sum,,,,
QA.STCK.DU.HD.NO,,,,,,,sum,,,,
QA.STCK.GGF.HD.NO,,,,,,,sum,,,,
QA.STCK.TU.HD.NO,,,,,,,sum,,,,
QD.PRD.BOB.TN.NO,,,,,,,sum,,,,
QD.PRD.CCO.TN.NO,,,,,,,sum,,,,
QD.PRD.CL.TN.NO,,,,,,,sum,,,,
QD.PRD.CSO.TN.NO,,,,,,,sum,,,,
QD.PRD.CS.TN.NO,,,,,,,sum,,,,
QD.PRD.GNO.TN.NO,,,,,,,sum,,,,
QD.PRD.LSO.TN.NO,,,,,,,sum,,,,
QD.PRD.MO.TN.NO,,,,,,,sum,,,,
QD.PRD.MS.TN.NO,,,,,,,sum,,,,
QD.PRD.ML.TN.NO,,,,,,,sum,,,,
QD.PRD.OOV.TN.NO,,,,,,,sum,,,,
QD.PRD.PKO.TN.NO,,,,,,,sum,,,,
QD.PRD.PK.TN.NO,,,,,,,sum,,,,
QD.PRD.PO.TN.NO,,,,,,,sum,,,,
QD.PRD.RO.TN.NO,,,,,,,sum,,,,
QD.PRD.SAFO.TN.NO,,,,,,,sum,,,,
QD.PRD.SO.TN.NO,,,,,,,sum,,,,
QD.PRD.SBO.TN.NO,,,,,,,sum,,,,
QD.PRD.SRC.TN.NO,,,,,,,sum,,,,
QD.PRD.SUFO.TN.NO,,,,,,,sum,,,,
QD.PRD.WINE.TN.NO,,,,,,,sum,,,,
QD.PRD.WINE.TN.SHW,QD.PRD.WINE.TN.NO,,,share,,,sum,,100,,
QC.PRD.FRUNOGR.TN.NO,,,,manual,,,sum,,,,
QC.PRD.FRUNOGR.TN.GR11,QC.PRD.FRUNOGR.TN.NO,,QC.PRD.FRUNOGR.TN.NO,growth,11,geo,weighted.mean,,,,
QC.PRD.FRUNOGR.TN.SHW,QC.PRD.FRUNOGR.TN.NO,,,share,,,sum,,100,,
QD.RHRV.VINE.HA.NO,,,,,,,sum,,,,
QD.RHRV.VINE.HA.SHW,QD.RHRV.VINE.HA.NO,,,share,,,sum,,100,,
QD.RHRV.VINE.HA.SHL,QD.RHRV.VINE.HA.NO,RL.AREA.AGR.HA.NO,RL.AREA.AGR.HA.NO,share,,,weighted.mean,,100,,
QC.RHRV.FRUNOGR.HA.NO,,,,manual,,,sum,,,,
QC.RHRV.FRUNOGR.HA.GR11,QC.RHRV.FRUNOGR.HA.NO,,QC.RHRV.FRUNOGR.HA.NO,growth,11,geo,weighted.mean,,,,
QC.RHRV.FRUNOGR.HA.SHW,QC.RHRV.FRUNOGR.HA.NO,,,share,,,sum,,100,,
QC.RHRV.FRUNOGR.HA.SHL,QC.RHRV.FRUNOGR.HA.NO,RL.AREA.AGR.HA.NO,RL.AREA.AGR.HA.NO,share,,,weighted.mean,,100,,
QL.PRD.TOT.TN.NO,,,,,,,sum,,,,
QL.PRD.TOT.TN.SHP,QL.PRD.TOT.TN.NO,POP.TOT,POP.TOT,share,,,weighted.mean,,1000,from tonne/cap to kg/cap,
QL.PRD.TOT.TN.GR10,QL.PRD.TOT.TN.NO,,QL.PRD.TOT.TN.NO,growth,10,geo,weighted.mean,,,ls,
QL.PRD.TOT.TN.GR11,QL.PRD.TOT.TN.NO,,QL.PRD.TOT.TN.NO,growth,11,geo,weighted.mean,,,ls,
QL.PRD.BB.TN.NO,,,,,,,sum,,,,
QL.PRD.BB.TN.SHP,QL.PRD.BB.TN.NO,POP.TOT,POP.TOT,share,,,weighted.mean,,1000,from tonne/cap to kg/cap,
QL.PRD.BB.TN.GR10,QL.PRD.BB.TN.NO,,QL.PRD.BB.TN.NO,growth,10,geo,weighted.mean,,,ls,
QL.PRD.BB.TN.GR11,QL.PRD.BB.TN.NO,,QL.PRD.BB.TN.NO,growth,11,geo,weighted.mean,,,ls,
QL.PRD.SG.TN.NO,,,,,,,sum,,,,
QL.PRD.SG.TN.SHP,QL.PRD.SG.TN.NO,POP.TOT,POP.TOT,share,,,weighted.mean,,1000,from tonne/cap to kg/cap,
QL.PRD.SG.TN.GR10,QL.PRD.SG.TN.NO,,QL.PRD.SG.TN.NO,growth,10,geo,weighted.mean,,,ls,
QL.PRD.SG.TN.GR11,QL.PRD.SG.TN.NO,,QL.PRD.SG.TN.NO,growth,11,geo,weighted.mean,,,ls,
QL.PRD.POU.TN.NO,,,,,,,sum,,,,
QL.PRD.POU.TN.SHP,QL.PRD.POU.TN.NO,POP.TOT,POP.TOT,share,,,weighted.mean,,1000,from tonne/cap to kg/cap,
QL.PRD.POU.TN.GR10,QL.PRD.POU.TN.NO,,QL.PRD.POU.TN.NO,growth,10,geo,weighted.mean,,,ls,
QL.PRD.POU.TN.GR11,QL.PRD.POU.TN.NO,,QL.PRD.POU.TN.NO,growth,11,geo,weighted.mean,,,ls,
QL.PRD.PIG.TN.NO,,,,,,,sum,,,,
QL.PRD.PIG.TN.SH,QL.PRD.PIG.TN.NO,POP.TOT,POP.TOT,share,,,weighted.mean,,1000,from tonne/cap to kg/cap,
QL.PRD.PIG.TN.GR10,QL.PRD.PIG.TN.NO,,QL.PRD.PIG.TN.NO,growth,10,geo,weighted.mean,,,ls,
QL.PRD.PIG.TN.GR11,QL.PRD.PIG.TN.NO,,QL.PRD.PIG.TN.NO,growth,11,geo,weighted.mean,,,ls,
QL.PRD.EGG.TN.NO,,,,,,,sum,,,,
QL.PRD.EGG.TN.GR10,QL.PRD.EGG.TN.NO,,QL.PRD.EGG.TN.NO,growth,10,geo,weighted.mean,,,ls,
QL.PRD.EGG.TN.GR11,QL.PRD.EGG.TN.NO,,QL.PRD.EGG.TN.NO,growth,11,geo,weighted.mean,,,ls,
QL.PRD.MILK.TN.NO,,,,,,,sum,,,,
QL.PRD.MILK.TN.GR10,QL.PRD.MILK.TN.NO,,QL.PRD.MILK.TN.NO,growth,10,geo,weighted.mean,,,ls,
QL.PRD.MILK.TN.GR11,QL.PRD.MILK.TN.NO,,QL.PRD.MILK.TN.NO,growth,11,geo,weighted.mean,,,ls,
QP.PRD.BG.TN.NO,,,,,,,sum,,,,
QP.PRD.BG.TN.GR11,QP.PRD.BG.TN.NO,,QP.PRD.BG.TN.NO,growth,11,geo,weighted.mean,,,ls,
QP.PRD.CH.TN.NO,,,,,,,sum,,,,
QP.PRD.CH.TN.GR11,QP.PRD.CH.TN.NO,,QP.PRD.CH.TN.NO,growth,11,geo,weighted.mean,,,ls,
QP.PRD.ECM.TN.NO,,,,,,,sum,,,,
QP.PRD.SMBD.TN.NO,,,,,,,sum,,,,
QP.PRD.WOOL.TN.NO,,,,,,,sum,,,,
MUV,,,,,,,,,,no aggregation has to be done,
TP.EXVAL.FOOD.USD.NO,,,,,,,sum,,,trade,
TP.IMVAL.FOOD.USD.NO,,,,,,,sum,,,trade,
TP.EXVOL.CRLS.TN.NO,,,,,,,sum,,,trade,
TP.IMVOL.CRLS.TN.NO,,,,,,,sum,,,trade,
TP.EXVAL.CRLS.USD.NO,,,,,,,sum,,,trade,
TP.IMVAL.CRLS.USD.NO,,,,,,,sum,,,trade,
TP.EXVAL.CRLSPREP.USD.NO,,,,,,,sum,,,trade,
TP.EXVAL.CRLSPREP.USD.SH,TP.EXVAL.CRLSPREP.USD.NO,MUV,,share,,,sum,,,trade,mean or sum?
TP.IMVAL.CRLSPREP.USD.NO,,,,,,,sum,,,trade,
TP.IMVAL.CRLSPREP.USD.SH,TP.IMVAL.CRLSPREP.USD.NO,MUV,,share,,,sum,,,trade,mean or sum?
TP.NETVAL.CRLSPREP.USD.NO,,,,manual,,,sum,,,trade,
TP.NETVAL.CRLSPREP.USD.SH,TP.NETVAL.CRLSPREP.USD.NO,MUV,,share,,,sum,,,trade,mean or sum?
TP.EXVOL.MEAT.TN.NO,,,,,,,sum,,,trade,
TP.IMVOL.MEAT.TN.NO,,,,,,,sum,,,trade,
TP.EXVAL.MEATPREP.USD.NO,,,,,,,sum,,,trade,
TP.EXVAL.MEATPREP.USD.SH,TP.EXVAL.MEATPREP.USD.NO,MUV,,share,,,sum,,,trade,mean or sum?
TP.IMVAL.MEATPREP.USD.NO,,,,,,,sum,,,trade,
TP.IMVAL.MEATPREP.USD.SH,TP.IMVAL.MEATPREP.USD.NO,MUV,,share,,,sum,,,trade,mean or sum?
TP.NETVAL.MEATPREP.USD.NO,,,,manual,,,sum,,,trade,
TP.NETVAL.MEATPREP.USD.SH,TP.NETVAL.MEATPREP.USD.NO,MUV,,share,,,sum,,,trade,mean or sum?
TP.EXVAL.FV.USD.NO,,,,,,,sum,,,trade,
TP.EXVAL.FV.USD.SH,TP.EXVAL.FV.USD.NO,MUV,,share,,,sum,,,trade,
TP.IMVAL.FV.USD.NO,,,,,,,sum,,,trade,
TP.IMVAL.FV.USD.SH,TP.IMVAL.FV.USD.NO,MUV,,share,,,sum,,,trade,
TP.NETVAL.FV.USD.NO,,,,manual,,,sum,,,trade,
TP.NETVAL.FV.USD.SH,TP.NETVAL.FV.USD.NO,MUV,,share,,,sum,,,trade,
TP.EXVOL.MILKEQ.TN.NO,,,,,,,sum,,,trade,
TP.IMVOL.MILKEQ.TN.NO,,,,,,,sum,,,trade,
TP.EXVAL.MILKEQ.USD.NO,,,,,,,sum,,,trade,
TP.EXVAL.MILKEQ.USD.SH,TP.EXVAL.MILKEQ.USD.NO,MUV,,share,,,sum,,,trade,
TP.IMVAL.MILKEQ.USD.NO,,,,,,,sum,,,trade,
TP.IMVAL.MILKEQ.USD.SH,TP.IMVAL.MILKEQ.USD.NO,MUV,,share,,,sum,,,trade,
TP.NETVAL.MILKEQ.USD.NO,,,,manual,,,sum,,,,
TP.NETVAL.MILKEQ.USD.SH,TP.NETVAL.MILKEQ.USD.NO,MUV,,share,,,sum,,,,
TP.EXVOL.ANFATS.TN.NO,,,,,,,sum,,,trade,
TP.IMVOL.ANFATS.TN.NO,,,,,,,sum,,,trade,
TP.EXVAL.ANFATS.USD.NO,,,,,,,sum,,,trade,
TP.EXVAL.ANFATS.USD.SH,TP.EXVAL.ANFATS.USD.NO,MUV,,share,,,sum,,,trade,
TP.IMVAL.ANFATS.USD.NO,,,,,,,sum,,,trade,
TP.IMVAL.ANFATS.USD.SH,TP.IMVAL.ANFATS.USD.NO,MUV,,share,,,sum,,,trade,
TP.EXVOL.OILSEEDS.TN.NO,,,,,,,sum,,,trade,
TP.IMVOL.OILSEEDS.TN.NO,,,,,,,sum,,,trade,
TP.EXVAL.OILSEEDS.USD.NO,,,,,,,sum,,,trade,
TP.EXVAL.OILSEEDS.USD.SH,TP.EXVAL.OILSEEDS.USD.NO,MUV,,share,,,sum,,,trade,
TP.IMVAL.OILSEEDS.USD.NO,,,,,,,sum,,,trade,
TP.IMVAL.OILSEEDS.USD.SH,TP.IMVAL.OILSEEDS.USD.NO,MUV,,share,,,sum,,,trade,
TP.EXVOL.MISC.TN.NO,,,,,,,sum,,,trade,
TP.IMVOL.MISC.TN.NO,,,,,,,sum,,,trade,
TP.EXVAL.MISC.USD.NO,,,,,,,sum,,,trade,
TP.IMVAL.MISC.USD.NO,,,,,,,sum,,,trade,
TP.EXVOL.SUGHON.TN.NO,,,,,,,sum,,,trade,
TP.IMVOL.SUGHON.TN.NO,,,,,,,sum,,,trade,
TP.EXVAL.SUGHON.USD.NO,,,,,,,sum,,,trade,
TP.EXVAL.SUGHON.USD.SH,TP.EXVAL.SUGHON.USD.NO,MUV,,share,,,sum,,,trade,
TP.IMVAL.SUGHON.USD.NO,,,,,,,sum,,,trade,
TP.IMVAL.SUGHON.USD.SH,TP.IMVAL.SUGHON.USD.NO,MUV,,share,,,sum,,,trade,
TP.NETVAL.SUGHON.USD.NO,,,,manual,,,sum,,,,
TP.NETVAL.SUGHON.USD.SH,TP.NETVAL.SUGHON.USD.NO,MUV,,share,,,sum,,,trade,
TP.EXVOL.VEGOIL.TN.NO,,,,,,,sum,,,trade,
TP.IMVOL.VEGOIL.TN.NO,,,,,,,sum,,,trade,
TP.EXVAL.VEGOIL.USD.NO,,,,,,,sum,,,trade,
TP.EXVAL.VEGOIL.USD.SH,TP.EXVAL.VEGOIL.USD.NO,MUV,,share,,,sum,,,trade,
TP.IMVAL.VEGOIL.USD.NO,,,,,,,sum,,,trade,
TP.IMVAL.VEGOIL.USD.SH,TP.IMVAL.VEGOIL.USD.NO,MUV,,share,,,sum,,,trade,
TP.NETVAL.AFOVO.USD.NO,,,,manual,,,sum,,,,
TP.NETVAL.AFOVO.USD.SH,TP.NETVAL.AFOVO.USD.NO,MUV,,share,,,sum,,,,
TP.EXVAL.CTCS.USD.NO,,,,,,,sum,,,trade,
TP.EXVAL.CTCS.USD.SH,TP.EXVAL.CTCS.USD.NO,MUV,,share,,,sum,,,trade,
TP.IMVAL.CTCS.USD.NO,,,,,,,sum,,,trade,
TP.IMVAL.CTCS.USD.SH,TP.IMVAL.CTCS.USD.NO,MUV,,share,,,sum,,,trade,
TP.NETVAL.CTCS.USD.NO,,,,manual,,,sum,,,,
TP.NETVAL.CTCS.USD.SH,TP.NETVAL.CTCS.USD.NO,MUV,,share,,,sum,,,trade,
TP.EXVOL.BEV.TN.NO,,,,,,,sum,,,trade,
TP.IMVOL.BEV.TN.NO,,,,,,,sum,,,trade,
TP.EXVAL.BEV.USD.NO,,,,,,,sum,,,trade,
TP.EXVAL.BEV.USD.SH,TP.EXVAL.BEV.USD.NO,MUV,,share,,,sum,,,trade,
TP.IMVAL.BEV.USD.NO,,,,,,,sum,,,trade,
TP.IMVAL.BEV.USD.SH,TP.IMVAL.BEV.USD.NO,MUV,,share,,,sum,,,trade,
TP.NETVAL.BEV.USD.NO,,,,manual,,,sum,,,,
TP.NETVAL.BEV.USD.SH,TP.NETVAL.BEV.USD.NO,MUV,,share,,,sum,,,,
TI.IMVAL.FOOD.IN.NO,,,,,,,,,,no aggregation has to be done,
DP.CON.TOT.PPL.NO,,,,,,,sum,YES,,displaced people,
DP.CON.TOTF.PPL.NO,,,,,,,sum,YES,,displaced people,
DP.CON.TOTM.PPL.NO,,,,,,,sum,YES,,displaced people,
DP.CON.REF.PPL.NO,,,,,,,sum,YES,,displaced people,
DP.CON.IDP.PPL.NO,,,,,,,sum,YES,,displaced people,
DP.CON.O.PPL.NO,,,,,,,sum,YES,,displaced people,
DP.CON.AS.PPL.NO,,,,,,,sum,YES,,displaced people,
DP.CON.RETREF.PPL.NO,,,,,,,sum,YES,,displaced people,
DP.CON.RETIDP.PPL.NO,,,,,,,sum,YES,,displaced people,
DP.CON.SL.PPL.NO,,,,,,,sum,YES,,displaced people,
FI.PRD.CAPT.TN.NO,,,,,,,sum,,,,
FI.PRD.CAPT.TN.GR11,FI.PRD.CAPT.TN.NO,,FI.PRD.CAPT.TN.NO,growth,11,geo,weighted.mean,,,,
FI.PRD.CAPT.TN.SH,FI.PRD.CAPT.TN.NO,POP.TOT,POP.TOT,share,,,weighted.mean,,1000,from tonne/cap to kg/cap,
FI.PRD.CAPT.TN.SHW,FI.PRD.CAPT.TN.NO,,,share,,,sum,,100,,
FI.PRD.CAPTIN.TN.NO,,,,,,,sum,,,,
FI.PRD.CAPTMA.TN.NO,,,,,,,sum,,,,
FI.PRD.AQ.TN.NO,,,,,,,sum,,,,
FI.PRD.AQ.TN.GR11,FI.PRD.AQ.TN.NO,,FI.PRD.AQ.TN.NO,growth,11,geo,weighted.mean,,,,
FI.PRD.AQ.TN.SH,FI.PRD.AQ.TN.NO,POP.TOT,POP.TOT,share,,,weighted.mean,,1000,from tonne/cap to kg/cap,
FI.PRD.AQ.TN.SHW,FI.PRD.AQ.TN.NO,,,share,,,sum,,100,,
FI.PRD.AQIN.TN.NO,,,,,,,sum,,,,
FI.PRD.AQMA.TN.NO,,,,,,,sum,,,,
FI.PRD.CAPTCPH.TN.NO,,,,,,,sum,,,fish,
FI.PRD.CAPTCPH.TN.SH,FI.PRD.CAPTCPH.TN.NO,FI.PRD.CAPT.TN.NO,FI.PRD.CAPT.TN.NO,share,,,weighted.mean,,100,,
FI.PRD.CAPTMEC.TN.NO,,,,,,,sum,,,fish,
FI.PRD.CAPTMEC.TN.SH,FI.PRD.CAPTMEC.TN.NO,FI.PRD.CAPT.TN.NO,FI.PRD.CAPT.TN.NO,share,,,weighted.mean,,100,,
FI.PRD.CAPTCRS.TN.NO,,,,,,,sum,,,fish,
FI.PRD.CAPTCRS.TN.SH,FI.PRD.CAPTCRS.TN.NO,FI.PRD.CAPT.TN.NO,FI.PRD.CAPT.TN.NO,share,,,weighted.mean,,100,,
FI.PRD.CAPTFDF.TN.NO,,,,,,,sum,,,fish,
FI.PRD.CAPTFDF.TN.SH,FI.PRD.CAPTFDF.TN.NO,FI.PRD.CAPT.TN.NO,FI.PRD.CAPT.TN.NO,share,,,weighted.mean,,100,,
FI.PRD.CAPTMFNF.TN.NO,,,,,,,sum,,,fish,
FI.PRD.CAPTMFNF.TN.SH,FI.PRD.CAPTMFNF.TN.NO,FI.PRD.CAPT.TN.NO,FI.PRD.CAPT.TN.NO,share,,,weighted.mean,,100,,
FI.PRD.CAPTOTH.TN.NO,,,,,,,sum,,,fish,
FI.PRD.CAPTOTH.TN.SH,FI.PRD.CAPTOTH.TN.NO,FI.PRD.CAPT.TN.NO,FI.PRD.CAPT.TN.NO,share,,,weighted.mean,,100,,
FI.PRD.AQCPH.TN.NO,,,,,,,sum,,,fish,
FI.PRD.AQCPH.TN.SH,FI.PRD.AQCPH.TN.NO,FI.PRD.AQ.TN.NO,FI.PRD.AQ.TN.NO,share,,,weighted.mean,,100,,
FI.PRD.AQMEC.TN.NO,,,,,,,sum,,,fish,
FI.PRD.AQMEC.TN.SH,FI.PRD.AQMEC.TN.NO,FI.PRD.AQ.TN.NO,FI.PRD.AQ.TN.NO,share,,,weighted.mean,,100,,
FI.PRD.AQCRS.TN.NO,,,,,,,sum,,,fish,
FI.PRD.AQCRS.TN.SH,FI.PRD.AQCRS.TN.NO,FI.PRD.AQ.TN.NO,FI.PRD.AQ.TN.NO,share,,,weighted.mean,,100,,
FI.PRD.AQFDF.TN.NO,,,,,,,sum,,,fish,
FI.PRD.AQFDF.TN.SH,FI.PRD.AQFDF.TN.NO,FI.PRD.AQ.TN.NO,FI.PRD.AQ.TN.NO,share,,,weighted.mean,,100,,
FI.PRD.AQMFNF.TN.NO,,,,,,,sum,,,fish,
FI.PRD.AQMFNF.TN.SH,FI.PRD.AQMFNF.TN.NO,FI.PRD.AQ.TN.NO,FI.PRD.AQ.TN.NO,share,,,weighted.mean,,100,,
FI.PRD.AQOTH.TN.NO,,,,,,,sum,,,fish,
FI.PRD.AQOTH.TN.SH,FI.PRD.AQOTH.TN.NO,FI.PRD.AQ.TN.NO,FI.PRD.AQ.TN.NO,share,,,weighted.mean,,100,,
FI.EXVAL.FISH.USD.NO,,,,,,,sum,,,,
FI.EXVAL.FISH.USD.SH,FI.EXVAL.FISH.USD.NO,MUV,,share,,,sum,,,trade,
FI.IMVAL.FISH.USD.NO,,,,,,,sum,,,fish,
FI.IMVAL.FISH.USD.SH,FI.IMVAL.FISH.USD.NO,MUV,,share,,,sum,,,trade,
FI.NETVAL.FISH.USD.NO,,,,manual,,,sum,,,,
FI.NETVAL.FISH.USD.SH,FI.NETVAL.FISH.USD.NO,MUV,,share,,,sum,,,trade,
EN.BIR.THRD.NO,,,,,,,sum,,,,
EN.FSH.THRD.NO,,,,,,,sum,,,,
EN.MAM.THRD.NO,,,,,,,sum,,,,
EN.HPT.THRD.NO,,,,,,,sum,,,,
ER.LND.PTLD.ZS,,,RL.AREA.LAND.HA.NO,,,,weighted.mean,,,we are not using a wb variable to weight because I don't know what it is,
ER.MRN.PTMR.ZS,,,,,,,,,,no aggregation has to be done,
EE.BOD.TOTL.KG,,,,,,,,,,no aggregation has to be done,
EE.BOD.WRKR.KG,,,,,,,,,,no aggregation has to be done,
EE.BOD.CHEM.ZS,,,,,,,,,,no aggregation has to be done,
EE.BOD.CGLS.ZS,,,,,,,,,,no aggregation has to be done,
EE.BOD.FOOD.ZS,,,,,,,,,,no aggregation has to be done,
EE.BOD.MTAL.ZS,,,,,,,,,,no aggregation has to be done,
EE.BOD.OTHR.ZS,,,,,,,,,,no aggregation has to be done,
EE.BOD.PAPR.ZS,,,,,,,,,,no aggregation has to be done,
EE.BOD.TXTL.ZS,,,,,,,,,,no aggregation has to be done,
EE.BOD.WOOD.ZS,,,,,,,,,,no aggregation has to be done,
FB.FS.GTCPE.KCD.NO,,,POP.TOT,,,,weighted.mean,,,,
FB.PSQ.GTCPE.GCD.NO,,,POP.TOT,,,,weighted.mean,,,,
FB.FSQ.GTCPE.GCD.NO,,,POP.TOT,,,,weighted.mean,,,,
CTA.TOTDON.COM.LCU.NO,,,,,,,,,,no aggregation has to be done,
CTA.TOTDON.COM.LCU.SH,CTA.TOTDON.COM.LCU.NO,NV.AGR.TOTL.CN,,,,,,,,,
GFRA.TOT.TOT.HA.NO,,,,,,,sum,,,global forest resources assessment,
GFRA.TOT.ONRF.HA.NO,,,,,,,sum,,,global forest resources assessment,
GFRA.TOT.ONRF.HA.SH,GFRA.TOT.ONRF.HA.NO,GFRA.TOT.TOT.HA.NO,GFRA.TOT.TOT.HA.NO,share,,,weighted.mean,,100,global forest resources assessment,
GFRA.TOT.PF.HA.NO,,,,,,,sum,,,global forest resources assessment,
GFRA.TOT.PF.HA.SH,GFRA.TOT.PF.HA.NO,GFRA.TOT.TOT.HA.NO,GFRA.TOT.TOT.HA.NO,share,,,weighted.mean,,100,global forest resources assessment,
GFRA.TOT.PLF.HA.NO,,,,,,,sum,,,global forest resources assessment,
GFRA.TOT.PLF.HA.SH,GFRA.TOT.PLF.HA.NO,GFRA.TOT.TOT.HA.NO,GFRA.TOT.TOT.HA.NO,share,,,weighted.mean,,100,global forest resources assessment,
FO.PRD.RW.M3.NO,,,,,,,sum,YES,,"forestry, faostat",
FO.PRD.RW.M3.SHP,FO.PRD.RW.M3.NO,POP.TOT,POP.TOT,share,,,weighted.mean,,,,
FO.PRD.RW.M3.GR50,FO.PRD.RW.M3.NO,,FO.PRD.RW.M3.NO,growth,50,geo,weighted.mean,,,,
FO.EXQNT.RW.M3.NO,,,,,,,sum,YES,,"forestry, faostat",
FO.IMQNT.RW.M3.NO,,,,,,,sum,YES,,"forestry, faostat",
FO.PRD.IRW.M3.NO,,,,,,,sum,YES,,"forestry, faostat",
FO.PRD.IRW.M3.GR50,FO.PRD.IRW.M3.NO,,FO.PRD.IRW.M3.NO,growth,50,geo,weighted.mean,,,,
FO.PRD.WF.M3.NO,,,,,,,sum,YES,,"forestry, faostat",
FO.PRD.WF.M3.GR50,FO.PRD.WF.M3.NO,,FO.PRD.WF.M3.NO,growth,50,geo,weighted.mean,,,,
FO.PRD.RP.M3.NO,,,,,,,sum,YES,,"forestry, faostat",
FO.PRD.RP.M3.GR50,FO.PRD.RP.M3.NO,,FO.PRD.RP.M3.NO,growth,50,geo,weighted.mean,,,,
FO.PRD.SW.M3.NO,,,,,,,sum,YES,,"forestry, faostat",
FO.PRD.SW.M3.GR50,FO.PRD.SW.M3.NO,,FO.PRD.SW.M3.NO,growth,50,geo,weighted.mean,,,,
FO.PRD.WBP.M3.NO,,,,,,,sum,YES,,"forestry, faostat",
FO.PRD.WBP.M3.GR50,FO.PRD.WBP.M3.NO,,FO.PRD.WBP.M3.NO,growth,50,geo,weighted.mean,,,,
FO.PRD.WP.M3.NO,,,,,,,sum,YES,,"forestry, faostat",
FO.PRD.WP.M3.GR50,FO.PRD.WP.M3.NO,,FO.PRD.WP.M3.NO,growth,50,geo,weighted.mean,,,,
FO.PRD.PPB.M3.NO,,,,,,,sum,YES,,"forestry, faostat",
FO.PRD.PPB.M3.GR50,FO.PRD.PPB.M3.NO,,FO.PRD.PPB.M3.NO,growth,50,geo,weighted.mean,,,,
FO.EXQNT.RP.M3.NO,,,,,,,sum,YES,,"forestry, faostat",
FO.EXQNT.SW.M3.NO,,,,,,,sum,YES,,"forestry, faostat",
FO.EXQNT.WBP.M3.NO,,,,,,,sum,YES,,"forestry, faostat",
FO.EXQNT.WP.M3.NO,,,,,,,sum,YES,,"forestry, faostat",
FO.EXQNT.PPB.M3.NO,,,,,,,sum,YES,,"forestry, faostat",
FO.EXVAL.TOT.USD.NO,,,,,,,sum,YES,,"forestry, faostat",
FO.IMVAL.TOT.USD.NO,,,,,,,sum,YES,,"forestry, faostat",
GHG.TOT.ALL.GG.NO,,,,,,,sum,YES,,ghg,
GHG.TOT.AS.GG.NO,,,,,,,sum,YES,,ghg,
GHG.NFC.NERCO2EQ.GG.NO,,,,,,,sum,YES,,,
GHG.EF.TECO2EQ.GG.NO,,,,,,,sum,YES,,,
GHG.MM.TECO2EQ.GG.NO,,,,,,,sum,YES,,,
GHG.RC.TECO2EQ.GG.NO,,,,,,,sum,YES,,,
GHG.SF.TECO2EQ.GG.NO,,,,,,,sum,YES,,,
GHG.MATS.TECO2EQ.GG.NO,,,,,,,sum,YES,,,
GHG.MLOP.TECO2EQ.GG.NO,,,,,,,sum,YES,,,
GHG.CR.TECO2EQ.GG.NO,,,,,,,sum,YES,,,
GHG.CO.TECO2EQ.GG.NO,,,,,,,sum,YES,,,
GHG.BCR.TECO2EQ.GG.NO,,,,,,,sum,YES,,,
GHG.CO.NERCO2EQ.GG.NO,,,,,,,sum,YES,,,
GHG.CO.CO2EQ.GG.NO,,,,manual,,,sum,,,sum of GHG.CO.TECO2EQ.GG.NO & GHG.CO.NERCO2EQ.GG.NO,
ORG.TOT.AREA.HA.NO,,,,,,,sum,,,,
ORG.TOT.AREA.HA.SH,,,RL.AREA.LAND.HA.NO,,,,weighted.mean,,,,
QC.PRD.FCP.TN.NO,,,,,,,sum,,,,
QC.PRD.FCP.TN.GR11,QC.PRD.FCP.TN.NO,,QC.PRD.FCP.TN.NO,growth,11,geo,weighted.mean,,,ls,
CC.SATC.AM.C.NO,,,,,,,,,,no aggregation has to be done,
CC.SATC.5YM.C.NO,,,,,,,,,,no aggregation has to be done,
CC.SATCN.AM.C.NO,,,,,,,,,,no aggregation has to be done,
CC.SATCL.AM.C.NO,,,,,,,,,,no aggregation has to be done,
CC.SATCS.AM.C.NO,,,,,,,,,,no aggregation has to be done,
BIO.PRD.BFL.HA.NO,,,,,,,,,,no aggregation has to be done,
BIO.PRD.BFL.KT.NO,,,,,,,sum,YES,,,
BIO.CU.BBE.HA.NO,,,,,,,,,,no aggregation has to be done,
POP.TOT.BASE.0406,,,,manual,,,mean,,,the aggregation is not needed but I need to specify it otherwise this variable will be excluded from the aggregation phase and cannot be used as weight for the aggregation of other variables,
QV.GPV.FOOD.ID.NO,,,,,,,sum,,,,
QV.GPV.FOOD.BASE.0406,,,,manual,,,mean,,,the aggregation is not needed but I need to specify it otherwise this variable will be excluded from the aggregation phase and cannot be used as weight for the aggregation of other variables,
QV.GPCPV.FOOD.ID.SHP,QV.GPV.FOOD.ID.NO,POP.TOT,POP.TOT,share,,,weighted.mean,,,,
WEIGHT.POP.GPV.FOOD.0406,QV.GPV.FOOD.BASE.0406,POP.TOT.BASE.0406,,share,,,mean,,,the aggregation is not needed but I need to specify it otherwise this variable will be excluded from the aggregation phase and cannot be used as weight for the aggregation of other variables,
QV.NPV.FOOD.ID.NO,,,,,,,sum,,,,
QV.NPV.FOOD.BASE.0406,,,,manual,,,mean,,,the aggregation is not needed but I need to specify it otherwise this variable will be excluded from the aggregation phase and cannot be used as weight for the aggregation of other variables,
QV.NPCPV.FOOD.ID.SHP,QV.NPV.FOOD.ID.NO,POP.TOT,POP.TOT,share,,,weighted.mean,,,,
WEIGHT.POP.NPV.FOOD.0406,QV.NPV.FOOD.BASE.0406,POP.TOT.BASE.0406,,share,,,mean,,,the aggregation is not needed but I need to specify it otherwise this variable will be excluded from the aggregation phase and cannot be used as weight for the aggregation of other variables,
QV.NPV.CRPS.ID.NO,,,,,,,sum,,,,
QV.NPV.CRPS.BASE.0406,,,,manual,,,mean,,,the aggregation is not needed but I need to specify it otherwise this variable will be excluded from the aggregation phase and cannot be used as weight for the aggregation of other variables,
QV.NPCPV.CRPS.ID.SHP,QV.NPV.CRPS.ID.NO,POP.TOT,POP.TOT,share,,,weighted.mean,,,,
WEIGHT.POP.NPV.CRPS.0406,QV.NPV.CRPS.BASE.0406,POP.TOT.BASE.0406,,share,,,mean,,,the aggregation is not needed but I need to specify it otherwise this variable will be excluded from the aggregation phase and cannot be used as weight for the aggregation of other variables,
QV.NPV.AGR.ID.NO,,,,,,,sum,,,,
QV.NPV.AGR.BASE.0406,,,,manual,,,mean,,,the aggregation is not needed but I need to specify it otherwise this variable will be excluded from the aggregation phase and cannot be used as weight for the aggregation of other variables,
QV.NPCPV.AGR.ID.SHP,QV.NPV.AGR.ID.NO,POP.TOT,POP.TOT,share,,,weighted.mean,,,,
WEIGHT.POP.NPV.AGR.0406,QV.NPV.AGR.BASE.0406,POP.TOT.BASE.0406,,share,,,mean,,,the aggregation is not needed but I need to specify it otherwise this variable will be excluded from the aggregation phase and cannot be used as weight for the aggregation of other variables,
QV.NPV.CRLS.ID.NO,,,,,,,sum,,,,
QV.NPV.CRLS.BASE.0406,,,,manual,,,mean,,,the aggregation is not needed but I need to specify it otherwise this variable will be excluded from the aggregation phase and cannot be used as weight for the aggregation of other variables,
QV.NPCPV.CRLS.ID.SHP,QV.NPV.CRLS.ID.NO,POP.TOT,POP.TOT,share,,,weighted.mean,,,,
WEIGHT.POP.NPV.CRLS.0406,QV.NPV.CRLS.BASE.0406,POP.TOT.BASE.0406,,share,,,mean,,,the aggregation is not needed but I need to specify it otherwise this variable will be excluded from the aggregation phase and cannot be used as weight for the aggregation of other variables,
QV.NPV.LVSTCK.ID.NO,,,,,,,sum,,,,
QV.NPV.LVSTCK.BASE.0406,,,,manual,,,mean,,,the aggregation is not needed but I need to specify it otherwise this variable will be excluded from the aggregation phase and cannot be used as weight for the aggregation of other variables,
QV.NPCPV.LVSTCK.ID.SHP,QV.NPV.LVSTCK.ID.NO,POP.TOT,POP.TOT,share,,,weighted.mean,,,,
WEIGHT.POP.NPV.LVSTCK.0406,QV.NPV.LVSTCK.BASE.0406,POP.TOT.BASE.0406,,share,,,mean,,,the aggregation is not needed but I need to specify it otherwise this variable will be excluded from the aggregation phase and cannot be used as weight for the aggregation of other variables,
QV.NPV.NNFOOD.ID.NO,,,,,,,sum,,,,
QV.NPV.NNFOOD.BASE.0406,,,,manual,,,mean,,,the aggregation is not needed but I need to specify it otherwise this variable will be excluded from the aggregation phase and cannot be used as weight for the aggregation of other variables,
QV.NPCPV.NNFOOD.ID.SHP,QV.NPV.NNFOOD.ID.NO,POP.TOT,POP.TOT,share,,,weighted.mean,,,,
WEIGHT.POP.NPV.NNFOOD.0406,QV.NPV.NNFOOD.BASE.0406,POP.TOT.BASE.0406,,share,,,mean,,,the aggregation is not needed but I need to specify it otherwise this variable will be excluded from the aggregation phase and cannot be used as weight for the aggregation of other variables,
QI.GPIN.FOOD.IN.NO,,,QV.GPV.FOOD.BASE.0406,,,,weighted.mean,,,,
QI.GPCPIN.FOOD.IN.NO,,,QV.GPV.FOOD.BASE.0406,,,,weighted.mean,,,,
QI.NPIN.FOOD.IN.NO,,,QV.NPV.FOOD.BASE.0406,,,,weighted.mean,,,,
QI.NPCPIN.FOOD.IN.NO,,,QV.NPV.FOOD.BASE.0406,,,,weighted.mean,,,,
QI.NPCPIN.FOOD.IN.GR11,QI.NPCPIN.FOOD.IN.NO,,QI.NPCPIN.FOOD.IN.NO,growth,11,geo,weighted.mean,,,ls,
QI.NPCPIN.FOOD.IN.CH1,QI.NPCPIN.FOOD.IN.NO,,QI.NPCPIN.FOOD.IN.NO,change,1,,weighted.mean,,,,
QI.NPIN.CRPS.IN.NO,,,QV.NPV.CRPS.BASE.0406,,,,weighted.mean,,,,
QI.NPCPIN.CRPS.IN.NO,,,QV.NPV.CRPS.BASE.0406,,,,weighted.mean,,,,
QI.NPCPIN.CRPS.IN.GR11,QI.NPCPIN.CRPS.IN.NO,,QI.NPCPIN.CRPS.IN.NO,growth,11,geo,weighted.mean,,,ls,
QI.NPCPIN.CRPS.IN.CH1,QI.NPCPIN.CRPS.IN.NO,,QI.NPCPIN.CRPS.IN.NO,change,1,,weighted.mean,,,,
QI.NPIN.AGR.IN.NO,,,QV.NPV.AGR.BASE.0406,,,,weighted.mean,,,,
QI.NPCPIN.AGR.IN.NO,,,QV.NPV.AGR.BASE.0406,,,,weighted.mean,,,,
QI.NPIN.CRLS.IN.NO,,,QV.NPV.CRLS.BASE.0406,,,,weighted.mean,,,,
QI.NPCPIN.CRLS.IN.NO,,,QV.NPV.CRLS.BASE.0406,,,,weighted.mean,,,,
QI.NPIN.LVSTCK.IN.NO,,,QV.NPV.LVSTCK.BASE.0406,,,,weighted.mean,,,,
QI.NPCPIN.LVSTCK.IN.NO,,,QV.NPV.LVSTCK.BASE.0406,,,,weighted.mean,,,,
QI.NPCPIN.LVSTCK.IN.GR11,QI.NPCPIN.LVSTCK.IN.NO,,QI.NPCPIN.LVSTCK.IN.NO,growth,11,geo,weighted.mean,,,ls,
QI.NPCPIN.LVSTCK.IN.CH1,QI.NPCPIN.LVSTCK.IN.NO,,QI.NPCPIN.LVSTCK.IN.NO,change,1,,weighted.mean,,,,
QI.NPIN.NNFOOD.IN.NO,,,QV.NPV.NNFOOD.BASE.0406,,,,weighted.mean,,,,
QI.NPCPIN.NNFOOD.IN.NO,,,QV.NPV.NNFOOD.BASE.0406,,,,weighted.mean,,,,
QI.NPCPIN.NNFOOD.IN.GR11,QI.NPCPIN.NNFOOD.IN.NO,,QI.NPCPIN.NNFOOD.IN.NO,growth,11,geo,weighted.mean,,,ls,
QI.NPCPIN.NNFOOD.IN.CH1,QI.NPCPIN.NNFOOD.IN.NO,,QI.NPCPIN.NNFOOD.IN.NO,change,1,,weighted.mean,,,,
CC.SUPPLY.CRLS.KCD.NO,,,POP.TOT,,,,weighted.mean,,,,
CC.SUPPLY.VEGOIL.KCD.NO,,,POP.TOT,,,,weighted.mean,,,,
CC.SUPPLY.SGRSWT.KCD.NO,,,POP.TOT,,,,weighted.mean,,,,
CC.SUPPLY.ALCBEV.KCD.NO,,,POP.TOT,,,,weighted.mean,,,,
CC.SUPPLY.FRU.KCD.NO,,,POP.TOT,,,,weighted.mean,,,,
CC.SUPPLY.VEG.KCD.NO,,,POP.TOT,,,,weighted.mean,,,,
CC.SUPPLY.MEAT.KCD.NO,,,POP.TOT,,,,weighted.mean,,,,
CC.SUPPLY.MILK.KCD.NO,,,POP.TOT,,,,weighted.mean,,,,
PI.PPI.CRLS.IN.NO,,,,,,,,,,no aggregation has to be done,
PI.PPI.OILCRPS.IN.NO,,,,,,,,,,no aggregation has to be done,
PI.PPI.SU.IN.NO,,,,,,,,,,no aggregation has to be done,
PI.PPI.MEAT.IN.NO,,,,,,,,,,no aggregation has to be done,
PI.PPI.MILK.IN.NO,,,,,,,,,,no aggregation has to be done,
ER.BDV.TOTL.XQ,,,,,,,,,,"no aggregation has to be done, well I should check if it is doable",
EL.CRBN.STK.WT,,,,,,,mean,,,to be revised the aggregation method,
QL.CW.PT.GR.NO,,,,,,,mean,,,to be revised the aggregation method,
QL.CW.BV.HG.NO,,,,,,,mean,,,to be revised the aggregation method,
QL.CW.OV.HG.NO,,,,,,,mean,,,to be revised the aggregation method,
QL.CW.PG.HG.NO,,,,,,,mean,,,to be revised the aggregation method,
NV.AGR.TOTL.KD,,,,,,,mean,,,to be revised the aggregation method,
AQ.WAT.PROD.SH.NO,NV.AGR.TOTL.KD,AQ.WAT.WWAGR.MC.NO,AQ.WAT.WWAGR.MC.NO,share,,,weighted.mean,,,,
FO.CRBN.STK.NO,,,,,,,sum,,,,
FO.FUNC.ENV.NO,,,,,,,sum,,,,
AG.TFP.AG.GR1,,,,,,,,,,no aggregation has to be done,
EA.PRD.ALL.KD,,,,,,,,,,no aggregation has to be done,
RK.EXPOSURE.RSK.NO,,,,,,,,,,no aggregation has to be done,
EN.EPI.EH.NO,,,,,,,,,,no aggregation has to be done,
EN.EPI.ECO.NO,,,,,,,,,,no aggregation has to be done,
EN.EPI.EP.NO,,,,,,,,,,no aggregation has to be done,
TP.SH.PRIMEXP.SH,,,,,,,,,,no aggregation has to be done,
FS.VOH.AV.POP.NO,,,,,,,,,,no aggregation has to be done,
NU.GAM.MDN.NO,,,,,,,,,,no aggregation has to be done,
EL.CONS.AG.NO,,,,,,,,,,no aggregation has to be done,
RF.FERT.NB.TN.SH,,,,,,,,,,no aggregation has to be done,
EN.EGY.US.AG.SH,,,,,,,,,,no aggregation has to be done,
NV.AGR.TOTL.CD,,,,,,,,,,no aggregation has to be done,
TP.VAL.AGREXP.USD.NO,,,,,,,sum,,,,
TP.VAL.AGRIMP.USD.NO,,,,,,,sum,,,,
TP.VAL.TRDVA.USD.SH,,,NV.AGR.TOTL.CD,,,,weighted.mean,,,,
EA.PRD.AGALL.KD.SH,,,,,,,,,,no aggregation has to be done,
SH.STA.MMRT.NE,,,,,,,,,,no aggregation has to be done,
SH.MED.CMHW.P3,,,,,,,,,,no aggregation has to be done,
RK.EXP.EXP.NO,,,,,,,,,,no aggregation has to be done,
RK.SUS.EXP.NO,,,,,,,,,,no aggregation has to be done,
SP.RUR.TOTL.PV,,,,,,,,,,no aggregation has to be done,
TP.FO.AID.NO,,,,,,,sum,,,,
TP.FO.AID.SHP,TP.FO.AID.NO,POP.TOT,POP.TOT,share,,,weighted.mean,,1000,from tonnes to kg,
