,,,,,,,,Capture production,,,,,,Aquaculture production,,,,,
Continent_en,Continent_code,Geographical _regions_en,Geographical _regions,Join,Country_en,UN_code,Published,"2000
Total","2012
Total","2013
Total","2013
Inland waters","2013
Marine areas",Average annual growth 2000-2013,"2000
Total","2012
Total","2013
Total","2013
Inland waters","2013
Marine areas",Average annual growth 2000-2013
,,,,,,,,,(Thousand tonnes),,,,%,,(Thousand tonnes),,,,%
WORLD,WORLD,,WORLD,Grand Total,,,1,93526,91306,92573,11688,80885,-0.1,32418,66477,70190,44685,25505,6.1
Others,XXX,NEI,XXX,XXX-XXX Total,,,0,240,32,83,0,83,-7.8,0,0,0,0,0,
Others,XXX,NEI,XXX,XXX-XXX,Other nei,896,0,240,32,83,,83,-7.8,,,,,,
Africa,002,,,002 Total,,,1,6770,8235,7990,2847,5143,1.3,400,1485,1616,1594,22,11.3
Africa,002,Eastern Africa,014,002-014 Total,,,1,1204,1740,1775,1318,457,3.0,17,156,171,164,7,19.6
Africa,002,Eastern Africa,014,002-014,British Indian Ocean Ter,086,0,0,0,0,,0,,,,,,,
Africa,002,Eastern Africa,014,002-014,Burundi,108,1,17,12,13,13,,-2.0,0,0,0,0,,9.6
Africa,002,Eastern Africa,014,002-014,Comoros,174,1,12,12,10,0,10,-1.1,,,,,,
Africa,002,Eastern Africa,014,002-014,Djibouti,262,1,1,2,2,0,2,6.0,,,,,,
Africa,002,Eastern Africa,014,002-014,Eritrea,232,1,13,4,4,0,4,-8.5,0,0,0,,0,
Africa,002,Eastern Africa,014,002-014,Ethiopia,231,1,16,29,38,38,0,7.1,0,0,0,0,,8.9
Africa,002,Eastern Africa,014,002-014,Kenya,404,1,215,159,163,154,9,-2.1,1,21,24,24,0,34.2
Africa,002,Eastern Africa,014,002-014,Madagascar,450,1,120,117,104,23,81,-1.1,7,9,9,4,5,1.6
Africa,002,Eastern Africa,014,002-014,Malawi,454,1,50,125,112,112,,6.4,1,3,4,4,,16.1
Africa,002,Eastern Africa,014,002-014,Mauritius,480,1,10,7,7,0,7,-2.1,0,1,0,0,0,14.1
Africa,002,Eastern Africa,014,002-014,Mayotte,175,1,3,3,3,,3,-0.4,0,0,0,,0,31.8
Africa,002,Eastern Africa,014,002-014,Mozambique,508,1,41,213,222,85,137,13.8,0,1,1,1,0,
Africa,002,Eastern Africa,014,002-014,Réunion,638,1,4,2,3,0,3,-3.2,0,0,0,0,0,-1.6
Africa,002,Eastern Africa,014,002-014,Rwanda,646,1,7,19,24,24,,10.1,0,1,1,1,,12.0
Africa,002,Eastern Africa,014,002-014,Seychelles,690,1,33,69,74,0,74,6.5,0,0,0,,0,
Africa,002,Eastern Africa,014,002-014,Somalia,706,1,24,30,30,0,30,1.7,,,,,,
Africa,002,Eastern Africa,014,002-014,South Sudan,728,0,0,37,37,37,,0.0,0,0,0,0,,0.0
Africa,002,Eastern Africa,014,002-014,"Tanzania, United Rep. of",834,1,340,404,412,315,97,1.5,0,3,3,3,0,24.1
Africa,002,Eastern Africa,014,002-014,Uganda,800,1,219,408,419,419,,5.1,1,96,98,98,,44.5
Africa,002,Eastern Africa,014,002-014,Zambia,894,1,67,76,87,87,,2.0,4,13,20,20,,12.8
Africa,002,Eastern Africa,014,002-014,Zimbabwe,716,1,13,11,11,11,,-1.7,2,8,10,10,,12.6
Africa,002,Middle Africa,017,002-017 Total,,,1,795,894,926,506,421,1.2,3,5,5,5,0,3.7
Africa,002,Middle Africa,017,002-017,Angola,024,1,239,277,275,10,265,1.1,0,0,0,0,,41.4
Africa,002,Middle Africa,017,002-017,Cameroon,120,1,112,137,153,75,78,2.4,0,1,1,1,,24.2
Africa,002,Middle Africa,017,002-017,Central African Republic,140,1,15,32,30,30,,5.5,0,0,0,0,,1.2
Africa,002,Middle Africa,017,002-017,Chad,148,1,83,100,120,120,,2.9,,,,,,
Africa,002,Middle Africa,017,002-017,Congo,178,1,46,81,73,36,37,3.6,0,0,0,0,,4.6
Africa,002,Middle Africa,017,002-017,"Congo, Dem. Rep. of the",180,1,245,218,227,224,4,-0.6,2,3,3,3,,2.5
Africa,002,Middle Africa,017,002-017,Equatorial Guinea,226,1,4,11,9,1,8,6.9,0,0,0,0,,
Africa,002,Middle Africa,017,002-017,Gabon,266,1,48,33,33,10,23,-2.8,1,0,0,0,,-9.2
Africa,002,Middle Africa,017,002-017,Sao Tome and Principe,678,1,4,5,6,0,6,3.4,,,,,,
Africa,002,Northern Africa,015,002-015 Total,,,1,1599,1800,1891,295,1596,1.3,345,1032,1116,1104,12,9.5
Africa,002,Northern Africa,015,002-015,Algeria,012,1,113,106,100,0,100,-0.9,0,3,2,2,0,15.1
Africa,002,Northern Africa,015,002-015,Egypt,818,1,384,354,357,250,107,-0.6,340,1018,1098,1098,,9.4
Africa,002,Northern Africa,015,002-015,Libya,434,1,50,35,36,0,36,-2.5,0,0,0,0,0,-10.1
Africa,002,Northern Africa,015,002-015,Morocco,504,1,903,1162,1253,15,1238,2.6,2,1,2,1,0,-0.5
Africa,002,Northern Africa,015,002-015,Sudan,729,1,0,34,34,29,5,0.0,0,2,2,2,,0.0
Africa,002,Northern Africa,015,002-015,Sudan (former),736,0,53,,,,,,1,,,,,
Africa,002,Northern Africa,015,002-015,Tunisia,788,1,96,110,111,1,110,1.2,2,9,12,1,11,17.2
Africa,002,Northern Africa,015,002-015,Western Sahara,732,1,0,0,0,,0,,,,,,,
Africa,002,Southern Africa,018,002-018 Total,,,1,1234,1172,899,4,895,-2.4,3,5,5,2,3,4.3
Africa,002,Southern Africa,018,002-018,Botswana,072,1,0,0,0,0,,7.6,,,,,,
Africa,002,Southern Africa,018,002-018,French Southern Terr,260,0,0,0,0,0,0,4.3,,,,,,
Africa,002,Southern Africa,018,002-018,Lesotho,426,1,0,0,0,0,,3.5,0,0,1,1,,37.5
Africa,002,Southern Africa,018,002-018,Namibia,516,1,590,469,486,3,483,-1.5,0,0,0,0,0,18.8
Africa,002,Southern Africa,018,002-018,South Africa,710,1,644,703,413,1,412,-3.4,3,4,4,2,2,2.8
Africa,002,Southern Africa,018,002-018,Swaziland,748,1,0,0,0,0,0,,0,0,0,0,,2.9
Africa,002,Western Africa,011,002-011 Total,,,1,1938,2628,2498,724,1774,2.0,32,288,319,319,0,19.3
Africa,002,Western Africa,011,002-011,Benin,204,1,32,40,42,26,16,2.1,0,1,1,1,,
Africa,002,Western Africa,011,002-011,Burkina Faso,854,1,9,20,21,21,,7.0,0,0,0,0,,32.8
Africa,002,Western Africa,011,002-011,Cabo Verde,132,1,11,20,24,0,24,6.4,,,,,,
Africa,002,Western Africa,011,002-011,Côte d'Ivoire,384,1,80,79,78,7,71,-0.2,1,4,4,4,,9.1
Africa,002,Western Africa,011,002-011,Gambia,270,1,29,36,44,5,39,3.2,0,0,0,0,0,15.6
Africa,002,Western Africa,011,002-011,Ghana,288,1,452,375,298,90,208,-3.2,5,27,33,33,,15.5
Africa,002,Western Africa,011,002-011,Guinea,324,1,92,132,127,22,105,2.6,0,0,0,0,,0.0
Africa,002,Western Africa,011,002-011,Guinea-Bissau,624,1,6,7,7,0,6,0.3,,,,,,
Africa,002,Western Africa,011,002-011,Liberia,430,1,12,10,10,2,7,-1.5,0,0,0,0,,2.4
Africa,002,Western Africa,011,002-011,Mali,466,1,110,71,99,99,,-0.8,0,1,2,2,,39.2
Africa,002,Western Africa,011,002-011,Mauritania,478,1,114,438,293,15,278,7.5,,,,,,
Africa,002,Western Africa,011,002-011,Niger,562,1,16,47,45,45,,8.2,0,0,0,0,,22.0
Africa,002,Western Africa,011,002-011,Nigeria,566,1,441,669,721,339,382,3.9,26,254,279,279,0,20.1
Africa,002,Western Africa,011,002-011,Saint Helena,654,1,1,1,1,0,1,-1.7,,,,,,
Africa,002,Western Africa,011,002-011,Senegal,686,1,436,461,470,33,436,0.6,0,0,1,0,0,15.9
Africa,002,Western Africa,011,002-011,Sierra Leone,694,1,75,204,200,14,186,7.9,0,0,0,0,,7.8
Africa,002,Western Africa,011,002-011,Togo,768,1,22,19,20,5,15,-0.8,0,0,0,0,,0.0
Americas,019,,,019 Total,,,1,25723,18510,18878,544,18333,-2.4,1423,2978,3069,986,2083,6.1
Americas,019,Latin America,029,019-029 Total,,,1,19841,12336,12516,490,12026,-3.5,839,2385,2456,724,1732,8.6
Americas,019,Latin America,029,019-029,Anguilla,660,1,1,1,1,0,1,6.9,,,,,,
Americas,019,Latin America,029,019-029,Antigua and Barbuda,028,1,2,6,6,0,6,10.1,,,,,,
Americas,019,Latin America,029,019-029,Argentina,032,1,922,738,870,12,858,-0.4,2,3,4,4,0,6.0
Americas,019,Latin America,029,019-029,Aruba,533,1,0,0,0,0,0,-1.1,0,0,0,,0,0.0
Americas,019,Latin America,029,019-029,Bahamas,044,1,15,16,13,0,13,-1.4,0,0,0,0,0,0.0
Americas,019,Latin America,029,019-029,Barbados,052,1,3,1,3,0,3,-0.5,0,0,0,0,,0.0
Americas,019,Latin America,029,019-029,Belize,084,1,30,153,33,0,33,0.7,4,6,7,0,7,5.3
Americas,019,Latin America,029,019-029,Bolivia (Plurinat.State),068,1,6,7,7,7,,1.2,0,1,1,1,,7.8
Americas,019,Latin America,029,019-029,Bonaire/S.Eustatius/Saba,535,1,0,0,0,,0,0.0,0,0,0,,0,
Americas,019,Latin America,029,019-029,Brazil,076,1,667,843,765,239,527,1.1,172,480,473,389,84,8.1
Americas,019,Latin America,029,019-029,British Virgin Islands,092,1,0,1,1,0,1,29.2,,,,,,
Americas,019,Latin America,029,019-029,Cayman Islands,136,0,0,0,0,0,0,0.0,,,,,,
Americas,019,Latin America,029,019-029,Chile,152,1,4300,2573,1771,0,1771,-6.6,392,1071,1033,44,989,7.7
Americas,019,Latin America,029,019-029,Colombia,170,1,137,76,60,18,42,-6.2,62,90,89,85,5,2.9
Americas,019,Latin America,029,019-029,Costa Rica,188,1,35,27,25,1,24,-2.7,10,27,30,27,3,9.1
Americas,019,Latin America,029,019-029,Cuba,192,1,68,22,22,2,20,-8.3,33,26,30,24,6,-0.8
Americas,019,Latin America,029,019-029,Curaçao,531,1,0,24,25,,25,,,,,,,
Americas,019,Latin America,029,019-029,Dominica,212,1,1,1,0,0,0,-6.8,0,0,0,0,,-1.2
Americas,019,Latin America,029,019-029,Dominican Republic,214,1,11,14,13,1,13,1.4,2,1,1,1,0,-5.5
Americas,019,Latin America,029,019-029,Ecuador,218,1,596,513,519,0,519,-1.1,61,322,332,28,304,13.9
Americas,019,Latin America,029,019-029,El Salvador,222,1,10,51,53,2,52,14.1,0,5,3,2,1,21.5
Americas,019,Latin America,029,019-029,Falkland Is.(Malvinas),238,1,75,96,70,0,70,-0.6,0,0,0,,0,
Americas,019,Latin America,029,019-029,French Guiana,254,1,5,4,4,0,4,-1.7,0,0,0,0,,0.9
Americas,019,Latin America,029,019-029,Grenada,308,1,2,2,3,0,3,3.6,0,0,0,0,,
Americas,019,Latin America,029,019-029,Guadeloupe,312,1,10,10,10,0,10,-0.2,0,0,0,0,0,-1.8
Americas,019,Latin America,029,019-029,Guatemala,320,1,39,20,22,2,19,-4.4,4,18,17,6,11,11.9
Americas,019,Latin America,029,019-029,Guyana,328,1,49,54,49,1,48,0.1,1,0,0,0,0,-7.5
Americas,019,Latin America,029,019-029,Haiti,332,1,7,17,17,1,16,6.4,0,1,1,1,,37.0
Americas,019,Latin America,029,019-029,Honduras,340,1,18,8,9,0,8,-5.5,10,52,70,21,49,16.2
Americas,019,Latin America,029,019-029,Jamaica,388,1,6,22,25,0,25,12.3,5,1,1,1,0,-12.2
Americas,019,Latin America,029,019-029,Martinique,474,1,6,5,4,0,4,-3.3,0,0,0,0,0,-5.6
Americas,019,Latin America,029,019-029,Mexico,484,1,1316,1575,1627,119,1508,1.6,54,144,169,36,133,9.2
Americas,019,Latin America,029,019-029,Montserrat,500,1,0,0,0,0,0,2.2,,,,,,
Americas,019,Latin America,029,019-029,Netherlands Antilles,530,0,20,,,,,,0,,,,,
Americas,019,Latin America,029,019-029,Nicaragua,558,1,23,34,40,1,40,4.6,5,24,26,0,26,12.9
Americas,019,Latin America,029,019-029,Panama,591,1,227,177,199,1,199,-1.0,2,7,8,0,8,12.6
Americas,019,Latin America,029,019-029,Paraguay,600,1,28,17,17,17,,-3.8,0,5,6,6,,36.2
Americas,019,Latin America,029,019-029,Peru,604,1,10657,4849,5854,27,5827,-4.5,7,72,126,40,86,25.5
Americas,019,Latin America,029,019-029,Puerto Rico,630,1,4,1,1,0,1,-7.7,0,0,0,0,0,-14.6
Americas,019,Latin America,029,019-029,Saint Barthélemy,652,1,0,0,0,,0,0.0,,,,,,
Americas,019,Latin America,029,019-029,Saint Kitts and Nevis,659,1,1,22,18,0,18,25.3,0,0,0,0,0,0.0
Americas,019,Latin America,029,019-029,Saint Lucia,662,1,2,2,2,0,2,0.4,0,0,0,0,,25.1
Americas,019,Latin America,029,019-029,Saint Vincent/Grenadines,670,1,23,10,39,0,39,4.3,,,,,,
Americas,019,Latin America,029,019-029,Saint-Martin,663,1,0,0,0,,0,0.0,,,,,,
Americas,019,Latin America,029,019-029,Sint Maarten,534,1,0,0,0,,0,0.0,,,,,,
Americas,019,Latin America,029,019-029,Suriname,740,1,24,39,40,1,39,3.9,0,0,0,0,0,-4.9
Americas,019,Latin America,029,019-029,Trinidad and Tobago,780,1,14,12,13,0,13,-0.6,0,0,0,0,,-7.9
Americas,019,Latin America,029,019-029,Turks and Caicos Is.,796,1,6,4,4,0,4,-2.9,0,0,0,,0,
Americas,019,Latin America,029,019-029,Uruguay,858,1,113,76,59,2,57,-4.9,0,0,0,0,0,7.5
Americas,019,Latin America,029,019-029,US Virgin Islands,850,1,1,1,0,0,0,-6.4,0,0,0,0,,
Americas,019,Latin America,029,019-029,"Venezuela, Boliv Rep of",862,1,359,213,200,37,163,-4.4,13,26,27,7,20,5.4
Americas,019,Northern America,021,019-021 Total,,,1,5883,6174,6362,55,6307,0.6,584,593,613,262,351,0.4
Americas,019,Northern America,021,019-021,Bermuda,060,1,0,1,0,0,0,3.6,,,,,,
Americas,019,Northern America,021,019-021,Canada,124,1,998,819,852,28,824,-1.2,128,173,172,8,164,2.3
Americas,019,Northern America,021,019-021,Greenland,304,1,160,223,275,0,275,4.3,,,,,,
Americas,019,Northern America,021,019-021,St. Pierre and Miquelon,666,1,7,3,3,0,3,-6.2,0,0,0,,0,0.0
Americas,019,Northern America,021,019-021,United States of America,840,1,4718,5128,5231,26,5204,0.8,457,420,441,254,187,-0.3
Asia,142,,,142 Total,,,1,43527,50206,50869,7885,42985,1.2,28422,58956,62547,41645,20902,6.3
Asia,142,Central Asia ,143,142-143 Total,,,1,52,56,55,55,0,0.4,7,8,8,8,0,1.8
Asia,142,Central Asia ,143,142-143,Kazakhstan,398,1,37,37,35,35,,-0.4,1,1,1,1,,0.0
Asia,142,Central Asia ,143,142-143,Kyrgyzstan,417,1,0,0,0,0,,-4.9,0,0,0,0,,13.5
Asia,142,Central Asia ,143,142-143,Tajikistan,762,1,0,1,1,1,,16.2,0,0,0,0,,12.6
Asia,142,Central Asia ,143,142-143,Turkmenistan,795,1,12,15,15,15,,1.6,0,0,0,0,,-6.1
Asia,142,Central Asia ,143,142-143,Uzbekistan,860,1,3,4,4,4,,1.5,6,7,7,7,,1.5
Asia,142,Eastern Asia,030,142-030 Total,,,1,23012,22765,22842,2351,20491,-0.1,22894,42641,44973,28221,16752,5.3
Asia,142,Eastern Asia,030,142-030,China,156,1,14649,16167,16275,2307,13968,0.8,21522,41108,43550,28014,15536,5.6
Asia,142,Eastern Asia,030,142-030,"China, Hong Kong SAR",344,1,157,155,170,0,170,0.6,5,4,4,2,2,-2.1
Asia,142,Eastern Asia,030,142-030,"China, Macao SAR",446,1,2,2,2,0,2,0.0,,,,,,
Asia,142,Eastern Asia,030,142-030,Taiwan Province of China,158,0,1094,908,925,0,925,-1.3,244,344,344,152,193,2.7
Asia,142,Eastern Asia,030,142-030,Japan,392,1,5073,3651,3657,31,3626,-2.5,763,633,609,31,578,-1.7
Asia,142,Eastern Asia,030,142-030,"Korea, Dem. People's Rep",408,1,213,212,215,5,210,0.1,67,64,64,4,60,-0.3
Asia,142,Eastern Asia,030,142-030,"Korea, Republic of",410,1,1825,1670,1598,7,1591,-1.0,293,487,402,18,384,2.5
Asia,142,Eastern Asia,030,142-030,Mongolia,496,1,0,0,0,0,,-14.0,,,,,,
Asia,142,South-Eastern Asia,035,142-035 Total,,,1,13311,18229,19039,2894,16145,2.8,2731,9585,10293,6860,3434,10.7
Asia,142,South-Eastern Asia,035,142-035,Brunei Darussalam,096,1,2,5,4,0,4,3.7,0,1,1,0,1,16.6
Asia,142,South-Eastern Asia,035,142-035,Cambodia,116,1,284,567,639,528,111,6.4,14,74,90,87,3,15.1
Asia,142,South-Eastern Asia,035,142-035,Indonesia,360,1,4081,5814,6102,413,5689,3.1,789,3068,3820,2463,1357,12.9
Asia,142,South-Eastern Asia,035,142-035,Lao People's Dem. Rep.,418,1,29,34,34,34,,1.2,42,102,108,108,,7.5
Asia,142,South-Eastern Asia,035,142-035,Malaysia,458,1,1289,1477,1489,6,1483,1.1,152,303,261,133,128,4.3
Asia,142,South-Eastern Asia,035,142-035,Myanmar,104,1,1093,3579,3787,1303,2484,10.0,99,885,929,870,59,18.8
Asia,142,South-Eastern Asia,035,142-035,Philippines,608,1,1896,2323,2332,201,2131,1.6,394,791,815,319,496,5.8
Asia,142,South-Eastern Asia,035,142-035,Singapore,702,1,5,2,2,0,2,-8.7,5,4,5,1,5,0.1
Asia,142,South-Eastern Asia,035,142-035,Thailand,764,1,2997,1720,1844,214,1630,-3.7,738,1272,1057,490,567,2.8
Asia,142,South-Eastern Asia,035,142-035,Timor-Leste,626,1,4,3,3,0,3,-0.9,0,0,0,0,0,0.0
Asia,142,South-Eastern Asia,035,142-035,Viet Nam,704,1,1630,2705,2804,195,2608,4.3,499,3086,3207,2389,818,15.4
Asia,142,Southern Asia,034,142-034 Total,,,1,6102,8036,7878,2486,5392,2.0,2672,6419,6951,6378,573,7.6
Asia,142,Southern Asia,034,142-034,Afghanistan,004,1,1,1,1,1,,0.0,0,1,1,1,,10.1
Asia,142,Southern Asia,034,142-034,Bangladesh,050,1,1004,1536,1550,961,589,3.4,657,1726,1860,1698,162,8.3
Asia,142,Southern Asia,034,142-034,Bhutan,064,1,0,0,0,0,,-22.3,0,0,0,0,,6.7
Asia,142,Southern Asia,034,142-034,India,356,1,3666,4872,4645,1226,3419,1.8,1943,4209,4550,4156,394,6.8
Asia,142,Southern Asia,034,142-034,Iran (Islamic Rep. of),364,1,384,542,560,86,474,2.9,41,297,325,313,13,17.4
Asia,142,Southern Asia,034,142-034,Maldives,462,1,119,120,130,0,130,0.6,,,,,,
Asia,142,Southern Asia,034,142-034,Nepal,524,1,17,22,22,22,,2.0,15,35,36,36,,7.0
Asia,142,Southern Asia,034,142-034,Pakistan,586,1,614,469,475,123,352,-2.0,12,143,148,148,0,21.0
Asia,142,Southern Asia,034,142-034,Sri Lanka,144,1,296,474,496,67,429,4.0,4,9,31,26,4,16.1
Asia,142,Western Asia,145,142-145 Total,,,1,1049,1119,1056,98,957,0.0,118,303,321,178,143,8.0
Asia,142,Western Asia,145,142-145,Armenia,051,1,1,1,5,5,,11.7,1,9,12,12,,21.8
Asia,142,Western Asia,145,142-145,Azerbaijan,031,1,19,1,1,1,,-21.6,0,0,0,0,,6.7
Asia,142,Western Asia,145,142-145,Bahrain,048,1,12,27,15,0,15,1.9,0,0,0,,0,-11.4
Asia,142,Western Asia,145,142-145,Cyprus,196,1,68,1,1,0,1,-26.8,2,4,5,0,5,8.4
Asia,142,Western Asia,145,142-145,Georgia,268,1,2,12,12,0,12,15.8,0,1,1,1,,16.8
Asia,142,Western Asia,145,142-145,Iraq,368,1,21,51,57,53,3,8.1,2,25,14,14,,17.4
Asia,142,Western Asia,145,142-145,Israel,376,1,6,3,3,0,2,-5.3,20,20,22,19,3,0.7
Asia,142,Western Asia,145,142-145,Jordan,400,1,1,1,1,0,0,0.9,1,1,1,1,,0.4
Asia,142,Western Asia,145,142-145,Kuwait,414,1,7,4,5,0,5,-3.1,0,0,0,0,0,-1.7
Asia,142,Western Asia,145,142-145,Lebanon,422,1,4,4,4,0,4,0.3,0,1,1,1,0,9.4
Asia,142,Western Asia,145,142-145,Oman,512,1,120,192,206,0,206,4.2,0,0,0,0,0,
Asia,142,Western Asia,145,142-145,"Palestine, Occupied Tr.",275,1,3,2,2,0,2,-2.3,0,0,0,0,0,
Asia,142,Western Asia,145,142-145,Qatar,634,1,7,11,12,0,12,4.1,0,0,0,0,0,
Asia,142,Western Asia,145,142-145,Saudi Arabia,682,1,49,68,72,0,72,3.0,6,21,25,4,22,11.7
Asia,142,Western Asia,145,142-145,Syrian Arab Republic,760,1,7,5,5,3,2,-2.4,7,6,4,4,,-4.0
Asia,142,Western Asia,145,142-145,Turkey,792,1,503,432,374,35,339,-2.3,79,213,234,123,111,8.7
Asia,142,Western Asia,145,142-145,United Arab Emirates,784,1,105,73,72,0,72,-2.9,0,0,1,0,1,
Asia,142,Western Asia,145,142-145,Yemen,887,1,115,231,210,0,210,4.8,0,0,0,,0,
Europe,150,,,150 Total,,,1,16180,13052,13537,394,13143,-1.4,2051,2877,2781,456,2325,2.4
Europe,150,Eastern Europe,151,150-151 Total,,,1,4613,4711,4790,324,4466,0.3,196,279,295,267,28,3.2
Europe,150,Eastern Europe,151,150-151,Belarus,112,1,1,1,1,1,,1.8,7,15,14,14,,5.5
Europe,150,Eastern Europe,151,150-151,Bulgaria,100,1,9,10,10,0,10,0.8,4,6,12,10,2,9.7
Europe,150,Eastern Europe,151,150-151,Czech Republic,203,1,5,4,4,4,,-1.6,19,21,19,19,,0.0
Europe,150,Eastern Europe,151,150-151,Hungary,348,1,7,7,6,6,,-0.7,13,15,15,15,,1.1
Europe,150,Eastern Europe,151,150-151,"Moldova, Republic of",498,1,0,0,0,0,,5.5,2,10,10,10,,14.1
Europe,150,Eastern Europe,151,150-151,Poland,616,1,218,198,214,19,195,-0.1,36,32,35,35,,-0.1
Europe,150,Eastern Europe,151,150-151,Romania,642,1,7,4,4,3,2,-4.1,10,10,11,11,0,1.0
Europe,150,Eastern Europe,151,150-151,Russian Federation,643,1,3974,4331,4346,262,4084,0.7,74,145,155,130,25,5.8
Europe,150,Eastern Europe,151,150-151,Slovakia,703,1,1,2,2,2,,2.9,1,1,1,1,,1.6
Europe,150,Eastern Europe,151,150-151,Ukraine,804,1,392,154,203,28,176,-4.9,31,24,23,22,1,-2.2
Europe,150,Northern Europe,154,150-154 Total,,,1,8532,5832,6106,33,6074,-2.5,800,1710,1625,49,1576,5.6
Europe,150,Northern Europe,154,150-154,Channel Islands,830,1,4,3,3,0,3,-1.8,0,1,1,,1,7.3
Europe,150,Northern Europe,154,150-154,Denmark,208,1,1534,503,668,0,668,-6.2,44,34,32,20,11,-2.4
Europe,150,Northern Europe,154,150-154,Estonia,233,1,113,67,69,3,67,-3.7,0,1,1,1,0,9.5
Europe,150,Northern Europe,154,150-154,Faroe Islands,234,1,454,360,487,0,487,0.5,35,77,76,,76,6.2
Europe,150,Northern Europe,154,150-154,Finland,246,1,156,162,168,24,144,0.5,15,13,14,2,11,-0.9
Europe,150,Northern Europe,154,150-154,Iceland,352,1,1983,1359,1367,0,1366,-2.8,4,7,7,0,7,5.3
Europe,150,Northern Europe,154,150-154,Ireland,372,1,276,276,246,0,246,-0.9,51,36,34,1,33,-3.1
Europe,150,Northern Europe,154,150-154,Isle of Man,833,1,4,6,6,0,6,3.8,,,,,,
Europe,150,Northern Europe,154,150-154,Latvia,428,1,136,94,116,0,116,-1.2,0,1,1,1,,5.4
Europe,150,Northern Europe,154,150-154,Lithuania,440,1,79,67,91,1,89,1.1,2,4,4,4,,5.9
Europe,150,Northern Europe,154,150-154,Norway,578,1,2699,2151,2074,1,2074,-2.0,491,1321,1248,0,1248,7.4
Europe,150,Northern Europe,154,150-154,Svalbard and Jan Mayen,744,1,0,0,0,,0,0.0,,,,,,
Europe,150,Northern Europe,154,150-154,Sweden,752,1,339,152,178,1,177,-4.8,5,14,13,9,5,8.1
Europe,150,Northern Europe,154,150-154,United Kingdom,826,1,754,631,632,2,630,-1.3,152,203,195,11,183,1.9
Europe,150,Southern Europe,039,150-039 Total,,,1,1678,1471,1561,20,1542,-0.6,641,606,569,73,496,-0.9
Europe,150,Southern Europe,039,150-039,Albania,008,1,3,5,5,2,4,3.7,0,2,2,1,1,15.9
Europe,150,Southern Europe,039,150-039,Andorra,020,1,0,0,0,0,,,,,,,,
Europe,150,Southern Europe,039,150-039,Bosnia and Herzegovina,070,1,0,0,0,0,0,1.4,0,4,3,3,0,
Europe,150,Southern Europe,039,150-039,Croatia,191,1,21,64,76,0,75,10.3,7,10,12,3,9,4.4
Europe,150,Southern Europe,039,150-039,Gibraltar,292,1,0,0,0,,0,0.0,,,,,,
Europe,150,Southern Europe,039,150-039,Greece,300,1,99,62,64,1,63,-3.3,95,138,145,2,142,3.2
Europe,150,Southern Europe,039,150-039,Italy,380,1,302,201,177,4,173,-4.0,214,163,163,39,124,-2.1
Europe,150,Southern Europe,039,150-039,"Macedonia, Fmr Yug Rp of",807,1,0,0,0,0,,3.7,1,1,1,1,,0.7
Europe,150,Southern Europe,039,150-039,Malta,470,1,1,2,2,0,2,6.2,2,4,4,,4,6.5
Europe,150,Southern Europe,039,150-039,Montenegro,499,1,0,1,2,1,1,,0,1,1,1,0,
Europe,150,Southern Europe,039,150-039,Portugal,620,1,191,198,195,0,195,0.2,8,10,8,0,8,0.4
Europe,150,Southern Europe,039,150-039,San Marino,674,1,0,0,0,0,,,,,,,,
Europe,150,Southern Europe,039,150-039,Serbia,688,1,0,5,5,5,,,0,8,6,6,,
Europe,150,Southern Europe,039,150-039,Serbia and Montenegro,891,0,1,,,,,,4,,,,,
Europe,150,Southern Europe,039,150-039,Slovenia,705,1,2,0,0,0,0,-11.1,1,1,1,1,0,0.3
Europe,150,Southern Europe,039,150-039,Spain,724,1,1056,932,1034,6,1028,-0.2,309,264,224,16,207,-2.5
Europe,150,Western Europe,155,150-155 Total,,,1,1358,1038,1078,17,1062,-1.8,414,282,292,67,225,-2.6
Europe,150,Western Europe,155,150-155,Austria,040,1,0,0,0,0,,-1.7,3,3,3,3,,1.0
Europe,150,Western Europe,155,150-155,Belgium,056,1,30,25,26,0,25,-1.1,2,0,0,0,,-15.4
Europe,150,Western Europe,155,150-155,France,250,1,626,457,493,2,492,-1.8,267,205,202,39,163,-2.1
Europe,150,Western Europe,155,150-155,Germany,276,1,204,208,230,11,219,0.9,66,26,25,20,5,-7.1
Europe,150,Western Europe,155,150-155,Liechtenstein,438,1,0,0,0,0,,,,,,,,
Europe,150,Western Europe,155,150-155,Luxembourg,442,1,0,0,0,0,,,,,,,,
Europe,150,Western Europe,155,150-155,Monaco,492,1,0,0,0,,0,-8.1,,,,,,
Europe,150,Western Europe,155,150-155,Netherlands,528,1,496,347,327,2,326,-3.1,75,46,60,3,57,-1.7
Europe,150,Western Europe,155,150-155,Switzerland,756,1,2,2,2,2,,1.0,1,1,1,1,,1.8
Oceania,009,,,009 Total,,,1,1086,1271,1216,18,1198,0.9,121,181,178,4,174,3.0
Oceania,009,Australia and New Zealand,053,009-053 Total,,,1,744,600,599,2,597,-1.7,117,177,173,2,172,3.0
Oceania,009,Australia and New Zealand,053,009-053,Australia,036,1,190,159,157,1,155,-1.5,32,77,76,1,75,7.0
Oceania,009,Australia and New Zealand,053,009-053,New Zealand,554,1,553,441,442,1,441,-1.7,86,100,97,1,97,1.0
Oceania,009,Australia and New Zealand,053,009-053,Norfolk Island,574,1,0,0,0,0,0,,,,,,,
Oceania,009,Melanesia,054,009-054 Total,,,1,244,405,354,16,338,2.9,4,4,4,2,2,0.8
Oceania,009,Melanesia,054,009-054,"Fiji, Republic of",242,1,41,45,43,3,40,0.4,2,0,0,0,0,-15.4
Oceania,009,Melanesia,054,009-054,New Caledonia,540,1,3,4,4,0,4,0.6,2,2,2,0,2,-0.8
Oceania,009,Melanesia,054,009-054,Papua New Guinea,598,1,110,257,213,14,200,5.2,0,2,2,2,0,19.0
Oceania,009,Melanesia,054,009-054,Solomon Islands,090,1,20,39,37,0,37,5.0,0,0,0,0,0,-14.4
Oceania,009,Melanesia,054,009-054,Vanuatu,548,1,70,61,57,0,57,-1.6,0,0,0,0,0,
Oceania,009,Micronesia,057,009-057 Total,,,1,70,208,213,0,213,9.0,0,0,0,0,0,-3.0
Oceania,009,Micronesia,057,009-057,Guam,316,1,1,1,1,0,1,1.4,0,0,0,0,0,-5.6
Oceania,009,Micronesia,057,009-057,Kiribati,296,1,35,83,93,0,93,7.7,0,0,0,0,0,-1.8
Oceania,009,Micronesia,057,009-057,Marshall Islands,584,1,8,75,81,0,81,19.2,,,,,,
Oceania,009,Micronesia,057,009-057,"Micronesia,Fed.States of",583,1,23,47,36,0,36,3.4,0,0,0,,0,
Oceania,009,Micronesia,057,009-057,Nauru,520,1,0,0,1,,1,2.5,0,0,0,,0,
Oceania,009,Micronesia,057,009-057,Northern Mariana Is.,580,1,0,0,1,0,1,8.3,0,0,0,0,0,
Oceania,009,Micronesia,057,009-057,Palau,585,1,1,1,1,0,1,-1.5,0,0,0,,0,19.3
Oceania,009,Polynesia,061,009-061 Total,,,1,29,58,50,0,50,4.3,0,0,0,0,0,3.6
Oceania,009,Polynesia,061,009-061,American Samoa,016,1,1,6,3,0,3,10.8,0,0,0,0,,11.3
Oceania,009,Polynesia,061,009-061,Cook Islands,184,1,1,8,4,0,4,11.0,0,0,0,0,0,
Oceania,009,Polynesia,061,009-061,French Polynesia,258,1,14,14,14,0,14,0.1,0,0,0,0,0,4.1
Oceania,009,Polynesia,061,009-061,Niue,570,1,0,0,0,0,0,-12.0,,,,,,
Oceania,009,Polynesia,061,009-061,Pitcairn Islands,612,1,0,0,0,0,0,-3.9,,,,,,
Oceania,009,Polynesia,061,009-061,Samoa,882,1,9,12,11,0,11,2.1,0,0,0,0,0,12.0
Oceania,009,Polynesia,061,009-061,Tokelau,772,1,0,0,0,0,0,1.7,,,,,,
Oceania,009,Polynesia,061,009-061,Tonga,776,1,4,2,2,0,2,-5.5,0,0,0,,0,
Oceania,009,Polynesia,061,009-061,Tuvalu,798,1,1,15,15,0,15,30.0,0,0,0,,0,
Oceania,009,Polynesia,061,009-061,Wallis and Futuna Is.,876,1,0,1,1,0,1,8.3,,,,,,
