Domain Code,Domain,AreaCode,AreaName,ElementCode,ElementName,ItemCode,ItemName,Year,Value,Flag,FlagD
OA,Annual population,5000,World,592,Male economically active population,3010,Population - Est. & Proj.,2000,1684988.00,A,"Aggregate, may include official, semi-official, estimated or calculated data"
OA,Annual population,5000,World,592,Male economically active population,3010,Population - Est. & Proj.,2001,1710649.00,A,"Aggregate, may include official, semi-official, estimated or calculated data"
OA,Annual population,5000,World,592,Male economically active population,3010,Population - Est. & Proj.,2002,1736357.00,A,"Aggregate, may include official, semi-official, estimated or calculated data"
OA,Annual population,5000,World,592,Male economically active population,3010,Population - Est. & Proj.,2003,1762076.00,A,"Aggregate, may include official, semi-official, estimated or calculated data"
OA,Annual population,5000,World,592,Male economically active population,3010,Population - Est. & Proj.,2004,1789997.00,A,"Aggregate, may include official, semi-official, estimated or calculated data"
OA,Annual population,5000,World,592,Male economically active population,3010,Population - Est. & Proj.,2005,1817460.00,A,"Aggregate, may include official, semi-official, estimated or calculated data"
OA,Annual population,5000,World,592,Male economically active population,3010,Population - Est. & Proj.,2006,1843753.00,A,"Aggregate, may include official, semi-official, estimated or calculated data"
OA,Annual population,5000,World,592,Male economically active population,3010,Population - Est. & Proj.,2007,1873085.00,A,"Aggregate, may include official, semi-official, estimated or calculated data"
OA,Annual population,5000,World,592,Male economically active population,3010,Population - Est. & Proj.,2008,1900837.00,A,"Aggregate, may include official, semi-official, estimated or calculated data"
OA,Annual population,5000,World,592,Male economically active population,3010,Population - Est. & Proj.,2009,1928388.00,A,"Aggregate, may include official, semi-official, estimated or calculated data"
OA,Annual population,5000,World,592,Male economically active population,3010,Population - Est. & Proj.,2010,1955607.00,A,"Aggregate, may include official, semi-official, estimated or calculated data"
OA,Annual population,5000,World,592,Male economically active population,3010,Population - Est. & Proj.,2011,1982457.00,A,"Aggregate, may include official, semi-official, estimated or calculated data"
OA,Annual population,5000,World,592,Male economically active population,3010,Population - Est. & Proj.,2012,2008915.00,A,"Aggregate, may include official, semi-official, estimated or calculated data"
OA,Annual population,5000,World,592,Male economically active population,3010,Population - Est. & Proj.,2013,2034889.00,A,"Aggregate, may include official, semi-official, estimated or calculated data"
OA,Annual population,5000,World,592,Male economically active population,3010,Population - Est. & Proj.,2014,2060231.00,A,"Aggregate, may include official, semi-official, estimated or calculated data"
OA,Annual population,5000,World,593,Female economically active population,3010,Population - Est. & Proj.,2000,1124737.00,A,"Aggregate, may include official, semi-official, estimated or calculated data"
OA,Annual population,5000,World,593,Female economically active population,3010,Population - Est. & Proj.,2001,1144886.00,A,"Aggregate, may include official, semi-official, estimated or calculated data"
OA,Annual population,5000,World,593,Female economically active population,3010,Population - Est. & Proj.,2002,1165423.00,A,"Aggregate, may include official, semi-official, estimated or calculated data"
OA,Annual population,5000,World,593,Female economically active population,3010,Population - Est. & Proj.,2003,1185374.00,A,"Aggregate, may include official, semi-official, estimated or calculated data"
OA,Annual population,5000,World,593,Female economically active population,3010,Population - Est. & Proj.,2004,1207391.00,A,"Aggregate, may include official, semi-official, estimated or calculated data"
OA,Annual population,5000,World,593,Female economically active population,3010,Population - Est. & Proj.,2005,1230696.00,A,"Aggregate, may include official, semi-official, estimated or calculated data"
OA,Annual population,5000,World,593,Female economically active population,3010,Population - Est. & Proj.,2006,1253884.00,A,"Aggregate, may include official, semi-official, estimated or calculated data"
OA,Annual population,5000,World,593,Female economically active population,3010,Population - Est. & Proj.,2007,1273746.00,A,"Aggregate, may include official, semi-official, estimated or calculated data"
OA,Annual population,5000,World,593,Female economically active population,3010,Population - Est. & Proj.,2008,1295644.00,A,"Aggregate, may include official, semi-official, estimated or calculated data"
OA,Annual population,5000,World,593,Female economically active population,3010,Population - Est. & Proj.,2009,1317345.00,A,"Aggregate, may include official, semi-official, estimated or calculated data"
OA,Annual population,5000,World,593,Female economically active population,3010,Population - Est. & Proj.,2010,1338628.00,A,"Aggregate, may include official, semi-official, estimated or calculated data"
OA,Annual population,5000,World,593,Female economically active population,3010,Population - Est. & Proj.,2011,1359417.00,A,"Aggregate, may include official, semi-official, estimated or calculated data"
OA,Annual population,5000,World,593,Female economically active population,3010,Population - Est. & Proj.,2012,1379697.00,A,"Aggregate, may include official, semi-official, estimated or calculated data"
OA,Annual population,5000,World,593,Female economically active population,3010,Population - Est. & Proj.,2013,1399430.00,A,"Aggregate, may include official, semi-official, estimated or calculated data"
OA,Annual population,5000,World,593,Female economically active population,3010,Population - Est. & Proj.,2014,1418592.00,A,"Aggregate, may include official, semi-official, estimated or calculated data"
OA,Annual population,5000,World,602,Male economically active population in Agr,3010,Population - Est. & Proj.,2000,715766.00,A,"Aggregate, may include official, semi-official, estimated or calculated data"
OA,Annual population,5000,World,602,Male economically active population in Agr,3010,Population - Est. & Proj.,2001,719935.00,A,"Aggregate, may include official, semi-official, estimated or calculated data"
OA,Annual population,5000,World,602,Male economically active population in Agr,3010,Population - Est. & Proj.,2002,723789.00,A,"Aggregate, may include official, semi-official, estimated or calculated data"
OA,Annual population,5000,World,602,Male economically active population in Agr,3010,Population - Est. & Proj.,2003,727604.00,A,"Aggregate, may include official, semi-official, estimated or calculated data"
OA,Annual population,5000,World,602,Male economically active population in Agr,3010,Population - Est. & Proj.,2004,731629.00,A,"Aggregate, may include official, semi-official, estimated or calculated data"
OA,Annual population,5000,World,602,Male economically active population in Agr,3010,Population - Est. & Proj.,2005,734837.00,A,"Aggregate, may include official, semi-official, estimated or calculated data"
OA,Annual population,5000,World,602,Male economically active population in Agr,3010,Population - Est. & Proj.,2006,737217.00,A,"Aggregate, may include official, semi-official, estimated or calculated data"
OA,Annual population,5000,World,602,Male economically active population in Agr,3010,Population - Est. & Proj.,2007,742148.00,A,"Aggregate, may include official, semi-official, estimated or calculated data"
OA,Annual population,5000,World,602,Male economically active population in Agr,3010,Population - Est. & Proj.,2008,745529.00,A,"Aggregate, may include official, semi-official, estimated or calculated data"
OA,Annual population,5000,World,602,Male economically active population in Agr,3010,Population - Est. & Proj.,2009,748761.00,A,"Aggregate, may include official, semi-official, estimated or calculated data"
OA,Annual population,5000,World,602,Male economically active population in Agr,3010,Population - Est. & Proj.,2010,751816.00,A,"Aggregate, may include official, semi-official, estimated or calculated data"
OA,Annual population,5000,World,602,Male economically active population in Agr,3010,Population - Est. & Proj.,2011,754701.00,A,"Aggregate, may include official, semi-official, estimated or calculated data"
OA,Annual population,5000,World,602,Male economically active population in Agr,3010,Population - Est. & Proj.,2012,757379.00,A,"Aggregate, may include official, semi-official, estimated or calculated data"
OA,Annual population,5000,World,602,Male economically active population in Agr,3010,Population - Est. & Proj.,2013,759781.00,A,"Aggregate, may include official, semi-official, estimated or calculated data"
OA,Annual population,5000,World,602,Male economically active population in Agr,3010,Population - Est. & Proj.,2014,761779.00,A,"Aggregate, may include official, semi-official, estimated or calculated data"
OA,Annual population,5000,World,603,Female economically active population in Agr,3010,Population - Est. & Proj.,2000,522822.00,A,"Aggregate, may include official, semi-official, estimated or calculated data"
OA,Annual population,5000,World,603,Female economically active population in Agr,3010,Population - Est. & Proj.,2001,526969.00,A,"Aggregate, may include official, semi-official, estimated or calculated data"
OA,Annual population,5000,World,603,Female economically active population in Agr,3010,Population - Est. & Proj.,2002,530912.00,A,"Aggregate, may include official, semi-official, estimated or calculated data"
OA,Annual population,5000,World,603,Female economically active population in Agr,3010,Population - Est. & Proj.,2003,534861.00,A,"Aggregate, may include official, semi-official, estimated or calculated data"
OA,Annual population,5000,World,603,Female economically active population in Agr,3010,Population - Est. & Proj.,2004,538928.00,A,"Aggregate, may include official, semi-official, estimated or calculated data"
OA,Annual population,5000,World,603,Female economically active population in Agr,3010,Population - Est. & Proj.,2005,544044.00,A,"Aggregate, may include official, semi-official, estimated or calculated data"
OA,Annual population,5000,World,603,Female economically active population in Agr,3010,Population - Est. & Proj.,2006,548688.00,A,"Aggregate, may include official, semi-official, estimated or calculated data"
OA,Annual population,5000,World,603,Female economically active population in Agr,3010,Population - Est. & Proj.,2007,551039.00,A,"Aggregate, may include official, semi-official, estimated or calculated data"
OA,Annual population,5000,World,603,Female economically active population in Agr,3010,Population - Est. & Proj.,2008,554813.00,A,"Aggregate, may include official, semi-official, estimated or calculated data"
OA,Annual population,5000,World,603,Female economically active population in Agr,3010,Population - Est. & Proj.,2009,558393.00,A,"Aggregate, may include official, semi-official, estimated or calculated data"
OA,Annual population,5000,World,603,Female economically active population in Agr,3010,Population - Est. & Proj.,2010,561728.00,A,"Aggregate, may include official, semi-official, estimated or calculated data"
OA,Annual population,5000,World,603,Female economically active population in Agr,3010,Population - Est. & Proj.,2011,564801.00,A,"Aggregate, may include official, semi-official, estimated or calculated data"
OA,Annual population,5000,World,603,Female economically active population in Agr,3010,Population - Est. & Proj.,2012,567593.00,A,"Aggregate, may include official, semi-official, estimated or calculated data"
OA,Annual population,5000,World,603,Female economically active population in Agr,3010,Population - Est. & Proj.,2013,570049.00,A,"Aggregate, may include official, semi-official, estimated or calculated data"
OA,Annual population,5000,World,603,Female economically active population in Agr,3010,Population - Est. & Proj.,2014,572131.00,A,"Aggregate, may include official, semi-official, estimated or calculated data"
OA,Annual population,5100,Africa,592,Male economically active population,3010,Population - Est. & Proj.,2000,183630.00,A,"Aggregate, may include official, semi-official, estimated or calculated data"
OA,Annual population,5100,Africa,592,Male economically active population,3010,Population - Est. & Proj.,2001,188267.00,A,"Aggregate, may include official, semi-official, estimated or calculated data"
OA,Annual population,5100,Africa,592,Male economically active population,3010,Population - Est. & Proj.,2002,193309.00,A,"Aggregate, may include official, semi-official, estimated or calculated data"
OA,Annual population,5100,Africa,592,Male economically active population,3010,Population - Est. & Proj.,2003,198275.00,A,"Aggregate, may include official, semi-official, estimated or calculated data"
OA,Annual population,5100,Africa,592,Male economically active population,3010,Population - Est. & Proj.,2004,203439.00,A,"Aggregate, may include official, semi-official, estimated or calculated data"
OA,Annual population,5100,Africa,592,Male economically active population,3010,Population - Est. & Proj.,2005,208824.00,A,"Aggregate, may include official, semi-official, estimated or calculated data"
OA,Annual population,5100,Africa,592,Male economically active population,3010,Population - Est. & Proj.,2006,214034.00,A,"Aggregate, may include official, semi-official, estimated or calculated data"
OA,Annual population,5100,Africa,592,Male economically active population,3010,Population - Est. & Proj.,2007,220346.00,A,"Aggregate, may include official, semi-official, estimated or calculated data"
OA,Annual population,5100,Africa,592,Male economically active population,3010,Population - Est. & Proj.,2008,226283.00,A,"Aggregate, may include official, semi-official, estimated or calculated data"
OA,Annual population,5100,Africa,592,Male economically active population,3010,Population - Est. & Proj.,2009,232427.00,A,"Aggregate, may include official, semi-official, estimated or calculated data"
OA,Annual population,5100,Africa,592,Male economically active population,3010,Population - Est. & Proj.,2010,238799.00,A,"Aggregate, may include official, semi-official, estimated or calculated data"
OA,Annual population,5100,Africa,592,Male economically active population,3010,Population - Est. & Proj.,2011,245406.00,A,"Aggregate, may include official, semi-official, estimated or calculated data"
OA,Annual population,5100,Africa,592,Male economically active population,3010,Population - Est. & Proj.,2012,252254.00,A,"Aggregate, may include official, semi-official, estimated or calculated data"
OA,Annual population,5100,Africa,592,Male economically active population,3010,Population - Est. & Proj.,2013,259358.00,A,"Aggregate, may include official, semi-official, estimated or calculated data"
OA,Annual population,5100,Africa,592,Male economically active population,3010,Population - Est. & Proj.,2014,266682.00,A,"Aggregate, may include official, semi-official, estimated or calculated data"
OA,Annual population,5100,Africa,593,Female economically active population,3010,Population - Est. & Proj.,2000,122163.00,A,"Aggregate, may include official, semi-official, estimated or calculated data"
OA,Annual population,5100,Africa,593,Female economically active population,3010,Population - Est. & Proj.,2001,125705.00,A,"Aggregate, may include official, semi-official, estimated or calculated data"
OA,Annual population,5100,Africa,593,Female economically active population,3010,Population - Est. & Proj.,2002,129912.00,A,"Aggregate, may include official, semi-official, estimated or calculated data"
OA,Annual population,5100,Africa,593,Female economically active population,3010,Population - Est. & Proj.,2003,134487.00,A,"Aggregate, may include official, semi-official, estimated or calculated data"
OA,Annual population,5100,Africa,593,Female economically active population,3010,Population - Est. & Proj.,2004,139269.00,A,"Aggregate, may include official, semi-official, estimated or calculated data"
OA,Annual population,5100,Africa,593,Female economically active population,3010,Population - Est. & Proj.,2005,143877.00,A,"Aggregate, may include official, semi-official, estimated or calculated data"
OA,Annual population,5100,Africa,593,Female economically active population,3010,Population - Est. & Proj.,2006,148540.00,A,"Aggregate, may include official, semi-official, estimated or calculated data"
OA,Annual population,5100,Africa,593,Female economically active population,3010,Population - Est. & Proj.,2007,153151.00,A,"Aggregate, may include official, semi-official, estimated or calculated data"
OA,Annual population,5100,Africa,593,Female economically active population,3010,Population - Est. & Proj.,2008,158329.00,A,"Aggregate, may include official, semi-official, estimated or calculated data"
OA,Annual population,5100,Africa,593,Female economically active population,3010,Population - Est. & Proj.,2009,163690.00,A,"Aggregate, may include official, semi-official, estimated or calculated data"
OA,Annual population,5100,Africa,593,Female economically active population,3010,Population - Est. & Proj.,2010,169225.00,A,"Aggregate, may include official, semi-official, estimated or calculated data"
OA,Annual population,5100,Africa,593,Female economically active population,3010,Population - Est. & Proj.,2011,174933.00,A,"Aggregate, may include official, semi-official, estimated or calculated data"
OA,Annual population,5100,Africa,593,Female economically active population,3010,Population - Est. & Proj.,2012,180814.00,A,"Aggregate, may include official, semi-official, estimated or calculated data"
OA,Annual population,5100,Africa,593,Female economically active population,3010,Population - Est. & Proj.,2013,186871.00,A,"Aggregate, may include official, semi-official, estimated or calculated data"
OA,Annual population,5100,Africa,593,Female economically active population,3010,Population - Est. & Proj.,2014,193112.00,A,"Aggregate, may include official, semi-official, estimated or calculated data"
OA,Annual population,5100,Africa,602,Male economically active population in Agr,3010,Population - Est. & Proj.,2000,93686.00,A,"Aggregate, may include official, semi-official, estimated or calculated data"
OA,Annual population,5100,Africa,602,Male economically active population in Agr,3010,Population - Est. & Proj.,2001,95238.00,A,"Aggregate, may include official, semi-official, estimated or calculated data"
OA,Annual population,5100,Africa,602,Male economically active population in Agr,3010,Population - Est. & Proj.,2002,96951.00,A,"Aggregate, may include official, semi-official, estimated or calculated data"
OA,Annual population,5100,Africa,602,Male economically active population in Agr,3010,Population - Est. & Proj.,2003,98614.00,A,"Aggregate, may include official, semi-official, estimated or calculated data"
OA,Annual population,5100,Africa,602,Male economically active population in Agr,3010,Population - Est. & Proj.,2004,100375.00,A,"Aggregate, may include official, semi-official, estimated or calculated data"
OA,Annual population,5100,Africa,602,Male economically active population in Agr,3010,Population - Est. & Proj.,2005,102202.00,A,"Aggregate, may include official, semi-official, estimated or calculated data"
OA,Annual population,5100,Africa,602,Male economically active population in Agr,3010,Population - Est. & Proj.,2006,103869.00,A,"Aggregate, may include official, semi-official, estimated or calculated data"
OA,Annual population,5100,Africa,602,Male economically active population in Agr,3010,Population - Est. & Proj.,2007,106061.00,A,"Aggregate, may include official, semi-official, estimated or calculated data"
OA,Annual population,5100,Africa,602,Male economically active population in Agr,3010,Population - Est. & Proj.,2008,108056.00,A,"Aggregate, may include official, semi-official, estimated or calculated data"
OA,Annual population,5100,Africa,602,Male economically active population in Agr,3010,Population - Est. & Proj.,2009,110117.00,A,"Aggregate, may include official, semi-official, estimated or calculated data"
OA,Annual population,5100,Africa,602,Male economically active population in Agr,3010,Population - Est. & Proj.,2010,112242.00,A,"Aggregate, may include official, semi-official, estimated or calculated data"
OA,Annual population,5100,Africa,602,Male economically active population in Agr,3010,Population - Est. & Proj.,2011,114445.00,A,"Aggregate, may include official, semi-official, estimated or calculated data"
OA,Annual population,5100,Africa,602,Male economically active population in Agr,3010,Population - Est. & Proj.,2012,116711.00,A,"Aggregate, may include official, semi-official, estimated or calculated data"
OA,Annual population,5100,Africa,602,Male economically active population in Agr,3010,Population - Est. & Proj.,2013,119044.00,A,"Aggregate, may include official, semi-official, estimated or calculated data"
OA,Annual population,5100,Africa,602,Male economically active population in Agr,3010,Population - Est. & Proj.,2014,121439.00,A,"Aggregate, may include official, semi-official, estimated or calculated data"
OA,Annual population,5100,Africa,603,Female economically active population in Agr,3010,Population - Est. & Proj.,2000,83362.00,A,"Aggregate, may include official, semi-official, estimated or calculated data"
OA,Annual population,5100,Africa,603,Female economically active population in Agr,3010,Population - Est. & Proj.,2001,85138.00,A,"Aggregate, may include official, semi-official, estimated or calculated data"
OA,Annual population,5100,Africa,603,Female economically active population in Agr,3010,Population - Est. & Proj.,2002,87178.00,A,"Aggregate, may include official, semi-official, estimated or calculated data"
OA,Annual population,5100,Africa,603,Female economically active population in Agr,3010,Population - Est. & Proj.,2003,89415.00,A,"Aggregate, may include official, semi-official, estimated or calculated data"
OA,Annual population,5100,Africa,603,Female economically active population in Agr,3010,Population - Est. & Proj.,2004,91787.00,A,"Aggregate, may include official, semi-official, estimated or calculated data"
OA,Annual population,5100,Africa,603,Female economically active population in Agr,3010,Population - Est. & Proj.,2005,94036.00,A,"Aggregate, may include official, semi-official, estimated or calculated data"
OA,Annual population,5100,Africa,603,Female economically active population in Agr,3010,Population - Est. & Proj.,2006,96199.00,A,"Aggregate, may include official, semi-official, estimated or calculated data"
OA,Annual population,5100,Africa,603,Female economically active population in Agr,3010,Population - Est. & Proj.,2007,98182.00,A,"Aggregate, may include official, semi-official, estimated or calculated data"
OA,Annual population,5100,Africa,603,Female economically active population in Agr,3010,Population - Est. & Proj.,2008,100535.00,A,"Aggregate, may include official, semi-official, estimated or calculated data"
OA,Annual population,5100,Africa,603,Female economically active population in Agr,3010,Population - Est. & Proj.,2009,102935.00,A,"Aggregate, may include official, semi-official, estimated or calculated data"
OA,Annual population,5100,Africa,603,Female economically active population in Agr,3010,Population - Est. & Proj.,2010,105371.00,A,"Aggregate, may include official, semi-official, estimated or calculated data"
OA,Annual population,5100,Africa,603,Female economically active population in Agr,3010,Population - Est. & Proj.,2011,107843.00,A,"Aggregate, may include official, semi-official, estimated or calculated data"
OA,Annual population,5100,Africa,603,Female economically active population in Agr,3010,Population - Est. & Proj.,2012,110347.00,A,"Aggregate, may include official, semi-official, estimated or calculated data"
OA,Annual population,5100,Africa,603,Female economically active population in Agr,3010,Population - Est. & Proj.,2013,112880.00,A,"Aggregate, may include official, semi-official, estimated or calculated data"
OA,Annual population,5100,Africa,603,Female economically active population in Agr,3010,Population - Est. & Proj.,2014,115442.00,A,"Aggregate, may include official, semi-official, estimated or calculated data"
OA,Annual population,5200,Americas,592,Male economically active population,3010,Population - Est. & Proj.,2000,229864.00,A,"Aggregate, may include official, semi-official, estimated or calculated data"
OA,Annual population,5200,Americas,592,Male economically active population,3010,Population - Est. & Proj.,2001,232971.00,A,"Aggregate, may include official, semi-official, estimated or calculated data"
OA,Annual population,5200,Americas,592,Male economically active population,3010,Population - Est. & Proj.,2002,236421.00,A,"Aggregate, may include official, semi-official, estimated or calculated data"
OA,Annual population,5200,Americas,592,Male economically active population,3010,Population - Est. & Proj.,2003,239183.00,A,"Aggregate, may include official, semi-official, estimated or calculated data"
OA,Annual population,5200,Americas,592,Male economically active population,3010,Population - Est. & Proj.,2004,243067.00,A,"Aggregate, may include official, semi-official, estimated or calculated data"
OA,Annual population,5200,Americas,592,Male economically active population,3010,Population - Est. & Proj.,2005,246427.00,A,"Aggregate, may include official, semi-official, estimated or calculated data"
OA,Annual population,5200,Americas,592,Male economically active population,3010,Population - Est. & Proj.,2006,250419.00,A,"Aggregate, may include official, semi-official, estimated or calculated data"
OA,Annual population,5200,Americas,592,Male economically active population,3010,Population - Est. & Proj.,2007,252959.00,A,"Aggregate, may include official, semi-official, estimated or calculated data"
OA,Annual population,5200,Americas,592,Male economically active population,3010,Population - Est. & Proj.,2008,256072.00,A,"Aggregate, may include official, semi-official, estimated or calculated data"
OA,Annual population,5200,Americas,592,Male economically active population,3010,Population - Est. & Proj.,2009,259116.00,A,"Aggregate, may include official, semi-official, estimated or calculated data"
OA,Annual population,5200,Americas,592,Male economically active population,3010,Population - Est. & Proj.,2010,262107.00,A,"Aggregate, may include official, semi-official, estimated or calculated data"
OA,Annual population,5200,Americas,592,Male economically active population,3010,Population - Est. & Proj.,2011,265037.00,A,"Aggregate, may include official, semi-official, estimated or calculated data"
OA,Annual population,5200,Americas,592,Male economically active population,3010,Population - Est. & Proj.,2012,267924.00,A,"Aggregate, may include official, semi-official, estimated or calculated data"
OA,Annual population,5200,Americas,592,Male economically active population,3010,Population - Est. & Proj.,2013,270766.00,A,"Aggregate, may include official, semi-official, estimated or calculated data"
OA,Annual population,5200,Americas,592,Male economically active population,3010,Population - Est. & Proj.,2014,273569.00,A,"Aggregate, may include official, semi-official, estimated or calculated data"
OA,Annual population,5200,Americas,593,Female economically active population,3010,Population - Est. & Proj.,2000,164085.00,A,"Aggregate, may include official, semi-official, estimated or calculated data"
OA,Annual population,5200,Americas,593,Female economically active population,3010,Population - Est. & Proj.,2001,167618.00,A,"Aggregate, may include official, semi-official, estimated or calculated data"
OA,Annual population,5200,Americas,593,Female economically active population,3010,Population - Est. & Proj.,2002,172154.00,A,"Aggregate, may include official, semi-official, estimated or calculated data"
OA,Annual population,5200,Americas,593,Female economically active population,3010,Population - Est. & Proj.,2003,175669.00,A,"Aggregate, may include official, semi-official, estimated or calculated data"
OA,Annual population,5200,Americas,593,Female economically active population,3010,Population - Est. & Proj.,2004,180388.00,A,"Aggregate, may include official, semi-official, estimated or calculated data"
OA,Annual population,5200,Americas,593,Female economically active population,3010,Population - Est. & Proj.,2005,184279.00,A,"Aggregate, may include official, semi-official, estimated or calculated data"
OA,Annual population,5200,Americas,593,Female economically active population,3010,Population - Est. & Proj.,2006,188797.00,A,"Aggregate, may include official, semi-official, estimated or calculated data"
OA,Annual population,5200,Americas,593,Female economically active population,3010,Population - Est. & Proj.,2007,192111.00,A,"Aggregate, may include official, semi-official, estimated or calculated data"
OA,Annual population,5200,Americas,593,Female economically active population,3010,Population - Est. & Proj.,2008,195790.00,A,"Aggregate, may include official, semi-official, estimated or calculated data"
OA,Annual population,5200,Americas,593,Female economically active population,3010,Population - Est. & Proj.,2009,199349.00,A,"Aggregate, may include official, semi-official, estimated or calculated data"
OA,Annual population,5200,Americas,593,Female economically active population,3010,Population - Est. & Proj.,2010,202766.00,A,"Aggregate, may include official, semi-official, estimated or calculated data"
OA,Annual population,5200,Americas,593,Female economically active population,3010,Population - Est. & Proj.,2011,206046.00,A,"Aggregate, may include official, semi-official, estimated or calculated data"
OA,Annual population,5200,Americas,593,Female economically active population,3010,Population - Est. & Proj.,2012,209184.00,A,"Aggregate, may include official, semi-official, estimated or calculated data"
OA,Annual population,5200,Americas,593,Female economically active population,3010,Population - Est. & Proj.,2013,212197.00,A,"Aggregate, may include official, semi-official, estimated or calculated data"
OA,Annual population,5200,Americas,593,Female economically active population,3010,Population - Est. & Proj.,2014,215088.00,A,"Aggregate, may include official, semi-official, estimated or calculated data"
OA,Annual population,5200,Americas,602,Male economically active population in Agr,3010,Population - Est. & Proj.,2000,37804.00,A,"Aggregate, may include official, semi-official, estimated or calculated data"
OA,Annual population,5200,Americas,602,Male economically active population in Agr,3010,Population - Est. & Proj.,2001,37607.00,A,"Aggregate, may include official, semi-official, estimated or calculated data"
OA,Annual population,5200,Americas,602,Male economically active population in Agr,3010,Population - Est. & Proj.,2002,37440.00,A,"Aggregate, may include official, semi-official, estimated or calculated data"
OA,Annual population,5200,Americas,602,Male economically active population in Agr,3010,Population - Est. & Proj.,2003,37173.00,A,"Aggregate, may include official, semi-official, estimated or calculated data"
OA,Annual population,5200,Americas,602,Male economically active population in Agr,3010,Population - Est. & Proj.,2004,37053.00,A,"Aggregate, may include official, semi-official, estimated or calculated data"
OA,Annual population,5200,Americas,602,Male economically active population in Agr,3010,Population - Est. & Proj.,2005,36754.00,A,"Aggregate, may include official, semi-official, estimated or calculated data"
OA,Annual population,5200,Americas,602,Male economically active population in Agr,3010,Population - Est. & Proj.,2006,36556.00,A,"Aggregate, may include official, semi-official, estimated or calculated data"
OA,Annual population,5200,Americas,602,Male economically active population in Agr,3010,Population - Est. & Proj.,2007,36150.00,A,"Aggregate, may include official, semi-official, estimated or calculated data"
OA,Annual population,5200,Americas,602,Male economically active population in Agr,3010,Population - Est. & Proj.,2008,35816.00,A,"Aggregate, may include official, semi-official, estimated or calculated data"
OA,Annual population,5200,Americas,602,Male economically active population in Agr,3010,Population - Est. & Proj.,2009,35478.00,A,"Aggregate, may include official, semi-official, estimated or calculated data"
OA,Annual population,5200,Americas,602,Male economically active population in Agr,3010,Population - Est. & Proj.,2010,35142.00,A,"Aggregate, may include official, semi-official, estimated or calculated data"
OA,Annual population,5200,Americas,602,Male economically active population in Agr,3010,Population - Est. & Proj.,2011,34807.00,A,"Aggregate, may include official, semi-official, estimated or calculated data"
OA,Annual population,5200,Americas,602,Male economically active population in Agr,3010,Population - Est. & Proj.,2012,34473.00,A,"Aggregate, may include official, semi-official, estimated or calculated data"
OA,Annual population,5200,Americas,602,Male economically active population in Agr,3010,Population - Est. & Proj.,2013,34144.00,A,"Aggregate, may include official, semi-official, estimated or calculated data"
OA,Annual population,5200,Americas,602,Male economically active population in Agr,3010,Population - Est. & Proj.,2014,33818.00,A,"Aggregate, may include official, semi-official, estimated or calculated data"
OA,Annual population,5200,Americas,603,Female economically active population in Agr,3010,Population - Est. & Proj.,2000,9488.00,A,"Aggregate, may include official, semi-official, estimated or calculated data"
OA,Annual population,5200,Americas,603,Female economically active population in Agr,3010,Population - Est. & Proj.,2001,9510.00,A,"Aggregate, may include official, semi-official, estimated or calculated data"
OA,Annual population,5200,Americas,603,Female economically active population in Agr,3010,Population - Est. & Proj.,2002,9610.00,A,"Aggregate, may include official, semi-official, estimated or calculated data"
OA,Annual population,5200,Americas,603,Female economically active population in Agr,3010,Population - Est. & Proj.,2003,9616.00,A,"Aggregate, may include official, semi-official, estimated or calculated data"
OA,Annual population,5200,Americas,603,Female economically active population in Agr,3010,Population - Est. & Proj.,2004,9713.00,A,"Aggregate, may include official, semi-official, estimated or calculated data"
OA,Annual population,5200,Americas,603,Female economically active population in Agr,3010,Population - Est. & Proj.,2005,9727.00,A,"Aggregate, may include official, semi-official, estimated or calculated data"
OA,Annual population,5200,Americas,603,Female economically active population in Agr,3010,Population - Est. & Proj.,2006,9773.00,A,"Aggregate, may include official, semi-official, estimated or calculated data"
OA,Annual population,5200,Americas,603,Female economically active population in Agr,3010,Population - Est. & Proj.,2007,9709.00,A,"Aggregate, may include official, semi-official, estimated or calculated data"
OA,Annual population,5200,Americas,603,Female economically active population in Agr,3010,Population - Est. & Proj.,2008,9683.00,A,"Aggregate, may include official, semi-official, estimated or calculated data"
OA,Annual population,5200,Americas,603,Female economically active population in Agr,3010,Population - Est. & Proj.,2009,9641.00,A,"Aggregate, may include official, semi-official, estimated or calculated data"
OA,Annual population,5200,Americas,603,Female economically active population in Agr,3010,Population - Est. & Proj.,2010,9593.00,A,"Aggregate, may include official, semi-official, estimated or calculated data"
OA,Annual population,5200,Americas,603,Female economically active population in Agr,3010,Population - Est. & Proj.,2011,9538.00,A,"Aggregate, may include official, semi-official, estimated or calculated data"
OA,Annual population,5200,Americas,603,Female economically active population in Agr,3010,Population - Est. & Proj.,2012,9487.00,A,"Aggregate, may include official, semi-official, estimated or calculated data"
OA,Annual population,5200,Americas,603,Female economically active population in Agr,3010,Population - Est. & Proj.,2013,9421.00,A,"Aggregate, may include official, semi-official, estimated or calculated data"
OA,Annual population,5200,Americas,603,Female economically active population in Agr,3010,Population - Est. & Proj.,2014,9353.00,A,"Aggregate, may include official, semi-official, estimated or calculated data"
OA,Annual population,5300,Asia,592,Male economically active population,3010,Population - Est. & Proj.,2000,1073376.00,A,"Aggregate, may include official, semi-official, estimated or calculated data"
OA,Annual population,5300,Asia,592,Male economically active population,3010,Population - Est. & Proj.,2001,1090881.00,A,"Aggregate, may include official, semi-official, estimated or calculated data"
OA,Annual population,5300,Asia,592,Male economically active population,3010,Population - Est. & Proj.,2002,1107800.00,A,"Aggregate, may include official, semi-official, estimated or calculated data"
OA,Annual population,5300,Asia,592,Male economically active population,3010,Population - Est. & Proj.,2003,1124931.00,A,"Aggregate, may include official, semi-official, estimated or calculated data"
OA,Annual population,5300,Asia,592,Male economically active population,3010,Population - Est. & Proj.,2004,1143070.00,A,"Aggregate, may include official, semi-official, estimated or calculated data"
OA,Annual population,5300,Asia,592,Male economically active population,3010,Population - Est. & Proj.,2005,1159948.00,A,"Aggregate, may include official, semi-official, estimated or calculated data"
OA,Annual population,5300,Asia,592,Male economically active population,3010,Population - Est. & Proj.,2006,1175835.00,A,"Aggregate, may include official, semi-official, estimated or calculated data"
OA,Annual population,5300,Asia,592,Male economically active population,3010,Population - Est. & Proj.,2007,1195795.00,A,"Aggregate, may include official, semi-official, estimated or calculated data"
OA,Annual population,5300,Asia,592,Male economically active population,3010,Population - Est. & Proj.,2008,1213602.00,A,"Aggregate, may include official, semi-official, estimated or calculated data"
OA,Annual population,5300,Asia,592,Male economically active population,3010,Population - Est. & Proj.,2009,1231216.00,A,"Aggregate, may include official, semi-official, estimated or calculated data"
OA,Annual population,5300,Asia,592,Male economically active population,3010,Population - Est. & Proj.,2010,1248545.00,A,"Aggregate, may include official, semi-official, estimated or calculated data"
OA,Annual population,5300,Asia,592,Male economically active population,3010,Population - Est. & Proj.,2011,1265567.00,A,"Aggregate, may include official, semi-official, estimated or calculated data"
OA,Annual population,5300,Asia,592,Male economically active population,3010,Population - Est. & Proj.,2012,1282226.00,A,"Aggregate, may include official, semi-official, estimated or calculated data"
OA,Annual population,5300,Asia,592,Male economically active population,3010,Population - Est. & Proj.,2013,1298389.00,A,"Aggregate, may include official, semi-official, estimated or calculated data"
OA,Annual population,5300,Asia,592,Male economically active population,3010,Population - Est. & Proj.,2014,1313868.00,A,"Aggregate, may include official, semi-official, estimated or calculated data"
OA,Annual population,5300,Asia,593,Female economically active population,3010,Population - Est. & Proj.,2000,675329.00,A,"Aggregate, may include official, semi-official, estimated or calculated data"
OA,Annual population,5300,Asia,593,Female economically active population,3010,Population - Est. & Proj.,2001,686917.00,A,"Aggregate, may include official, semi-official, estimated or calculated data"
OA,Annual population,5300,Asia,593,Female economically active population,3010,Population - Est. & Proj.,2002,697233.00,A,"Aggregate, may include official, semi-official, estimated or calculated data"
OA,Annual population,5300,Asia,593,Female economically active population,3010,Population - Est. & Proj.,2003,707620.00,A,"Aggregate, may include official, semi-official, estimated or calculated data"
OA,Annual population,5300,Asia,593,Female economically active population,3010,Population - Est. & Proj.,2004,718288.00,A,"Aggregate, may include official, semi-official, estimated or calculated data"
OA,Annual population,5300,Asia,593,Female economically active population,3010,Population - Est. & Proj.,2005,731247.00,A,"Aggregate, may include official, semi-official, estimated or calculated data"
OA,Annual population,5300,Asia,593,Female economically active population,3010,Population - Est. & Proj.,2006,743426.00,A,"Aggregate, may include official, semi-official, estimated or calculated data"
OA,Annual population,5300,Asia,593,Female economically active population,3010,Population - Est. & Proj.,2007,753122.00,A,"Aggregate, may include official, semi-official, estimated or calculated data"
OA,Annual population,5300,Asia,593,Female economically active population,3010,Population - Est. & Proj.,2008,764555.00,A,"Aggregate, may include official, semi-official, estimated or calculated data"
OA,Annual population,5300,Asia,593,Female economically active population,3010,Population - Est. & Proj.,2009,775885.00,A,"Aggregate, may include official, semi-official, estimated or calculated data"
OA,Annual population,5300,Asia,593,Female economically active population,3010,Population - Est. & Proj.,2010,786993.00,A,"Aggregate, may include official, semi-official, estimated or calculated data"
OA,Annual population,5300,Asia,593,Female economically active population,3010,Population - Est. & Proj.,2011,797834.00,A,"Aggregate, may include official, semi-official, estimated or calculated data"
OA,Annual population,5300,Asia,593,Female economically active population,3010,Population - Est. & Proj.,2012,808376.00,A,"Aggregate, may include official, semi-official, estimated or calculated data"
OA,Annual population,5300,Asia,593,Female economically active population,3010,Population - Est. & Proj.,2013,818552.00,A,"Aggregate, may include official, semi-official, estimated or calculated data"
OA,Annual population,5300,Asia,593,Female economically active population,3010,Population - Est. & Proj.,2014,828278.00,A,"Aggregate, may include official, semi-official, estimated or calculated data"
OA,Annual population,5300,Asia,602,Male economically active population in Agr,3010,Population - Est. & Proj.,2000,564009.00,A,"Aggregate, may include official, semi-official, estimated or calculated data"
OA,Annual population,5300,Asia,602,Male economically active population in Agr,3010,Population - Est. & Proj.,2001,567288.00,A,"Aggregate, may include official, semi-official, estimated or calculated data"
OA,Annual population,5300,Asia,602,Male economically active population in Agr,3010,Population - Est. & Proj.,2002,570114.00,A,"Aggregate, may include official, semi-official, estimated or calculated data"
OA,Annual population,5300,Asia,602,Male economically active population in Agr,3010,Population - Est. & Proj.,2003,572968.00,A,"Aggregate, may include official, semi-official, estimated or calculated data"
OA,Annual population,5300,Asia,602,Male economically active population in Agr,3010,Population - Est. & Proj.,2004,575783.00,A,"Aggregate, may include official, semi-official, estimated or calculated data"
OA,Annual population,5300,Asia,602,Male economically active population in Agr,3010,Population - Est. & Proj.,2005,577757.00,A,"Aggregate, may include official, semi-official, estimated or calculated data"
OA,Annual population,5300,Asia,602,Male economically active population in Agr,3010,Population - Est. & Proj.,2006,579055.00,A,"Aggregate, may include official, semi-official, estimated or calculated data"
OA,Annual population,5300,Asia,602,Male economically active population in Agr,3010,Population - Est. & Proj.,2007,582573.00,A,"Aggregate, may include official, semi-official, estimated or calculated data"
OA,Annual population,5300,Asia,602,Male economically active population in Agr,3010,Population - Est. & Proj.,2008,584648.00,A,"Aggregate, may include official, semi-official, estimated or calculated data"
OA,Annual population,5300,Asia,602,Male economically active population in Agr,3010,Population - Est. & Proj.,2009,586509.00,A,"Aggregate, may include official, semi-official, estimated or calculated data"
OA,Annual population,5300,Asia,602,Male economically active population in Agr,3010,Population - Est. & Proj.,2010,588136.00,A,"Aggregate, may include official, semi-official, estimated or calculated data"
OA,Annual population,5300,Asia,602,Male economically active population in Agr,3010,Population - Est. & Proj.,2011,589529.00,A,"Aggregate, may include official, semi-official, estimated or calculated data"
OA,Annual population,5300,Asia,602,Male economically active population in Agr,3010,Population - Est. & Proj.,2012,590657.00,A,"Aggregate, may include official, semi-official, estimated or calculated data"
OA,Annual population,5300,Asia,602,Male economically active population in Agr,3010,Population - Est. & Proj.,2013,591436.00,A,"Aggregate, may include official, semi-official, estimated or calculated data"
OA,Annual population,5300,Asia,602,Male economically active population in Agr,3010,Population - Est. & Proj.,2014,591748.00,A,"Aggregate, may include official, semi-official, estimated or calculated data"
OA,Annual population,5300,Asia,603,Female economically active population in Agr,3010,Population - Est. & Proj.,2000,418149.00,A,"Aggregate, may include official, semi-official, estimated or calculated data"
OA,Annual population,5300,Asia,603,Female economically active population in Agr,3010,Population - Est. & Proj.,2001,420869.00,A,"Aggregate, may include official, semi-official, estimated or calculated data"
OA,Annual population,5300,Asia,603,Female economically active population in Agr,3010,Population - Est. & Proj.,2002,423097.00,A,"Aggregate, may include official, semi-official, estimated or calculated data"
OA,Annual population,5300,Asia,603,Female economically active population in Agr,3010,Population - Est. & Proj.,2003,425161.00,A,"Aggregate, may include official, semi-official, estimated or calculated data"
OA,Annual population,5300,Asia,603,Female economically active population in Agr,3010,Population - Est. & Proj.,2004,427090.00,A,"Aggregate, may include official, semi-official, estimated or calculated data"
OA,Annual population,5300,Asia,603,Female economically active population in Agr,3010,Population - Est. & Proj.,2005,430255.00,A,"Aggregate, may include official, semi-official, estimated or calculated data"
OA,Annual population,5300,Asia,603,Female economically active population in Agr,3010,Population - Est. & Proj.,2006,433003.00,A,"Aggregate, may include official, semi-official, estimated or calculated data"
OA,Annual population,5300,Asia,603,Female economically active population in Agr,3010,Population - Est. & Proj.,2007,433686.00,A,"Aggregate, may include official, semi-official, estimated or calculated data"
OA,Annual population,5300,Asia,603,Female economically active population in Agr,3010,Population - Est. & Proj.,2008,435408.00,A,"Aggregate, may include official, semi-official, estimated or calculated data"
OA,Annual population,5300,Asia,603,Female economically active population in Agr,3010,Population - Est. & Proj.,2009,436905.00,A,"Aggregate, may include official, semi-official, estimated or calculated data"
OA,Annual population,5300,Asia,603,Female economically active population in Agr,3010,Population - Est. & Proj.,2010,438123.00,A,"Aggregate, may include official, semi-official, estimated or calculated data"
OA,Annual population,5300,Asia,603,Female economically active population in Agr,3010,Population - Est. & Proj.,2011,439031.00,A,"Aggregate, may include official, semi-official, estimated or calculated data"
OA,Annual population,5300,Asia,603,Female economically active population in Agr,3010,Population - Est. & Proj.,2012,439623.00,A,"Aggregate, may include official, semi-official, estimated or calculated data"
OA,Annual population,5300,Asia,603,Female economically active population in Agr,3010,Population - Est. & Proj.,2013,439855.00,A,"Aggregate, may include official, semi-official, estimated or calculated data"
OA,Annual population,5300,Asia,603,Female economically active population in Agr,3010,Population - Est. & Proj.,2014,439681.00,A,"Aggregate, may include official, semi-official, estimated or calculated data"
OA,Annual population,5400,Europe,592,Male economically active population,3010,Population - Est. & Proj.,2000,189731.00,A,"Aggregate, may include official, semi-official, estimated or calculated data"
OA,Annual population,5400,Europe,592,Male economically active population,3010,Population - Est. & Proj.,2001,190017.00,A,"Aggregate, may include official, semi-official, estimated or calculated data"
OA,Annual population,5400,Europe,592,Male economically active population,3010,Population - Est. & Proj.,2002,190180.00,A,"Aggregate, may include official, semi-official, estimated or calculated data"
OA,Annual population,5400,Europe,592,Male economically active population,3010,Population - Est. & Proj.,2003,190938.00,A,"Aggregate, may include official, semi-official, estimated or calculated data"
OA,Annual population,5400,Europe,592,Male economically active population,3010,Population - Est. & Proj.,2004,191507.00,A,"Aggregate, may include official, semi-official, estimated or calculated data"
OA,Annual population,5400,Europe,592,Male economically active population,3010,Population - Est. & Proj.,2005,193126.00,A,"Aggregate, may include official, semi-official, estimated or calculated data"
OA,Annual population,5400,Europe,592,Male economically active population,3010,Population - Est. & Proj.,2006,194122.00,A,"Aggregate, may include official, semi-official, estimated or calculated data"
OA,Annual population,5400,Europe,592,Male economically active population,3010,Population - Est. & Proj.,2007,194517.00,A,"Aggregate, may include official, semi-official, estimated or calculated data"
OA,Annual population,5400,Europe,592,Male economically active population,3010,Population - Est. & Proj.,2008,195219.00,A,"Aggregate, may include official, semi-official, estimated or calculated data"
OA,Annual population,5400,Europe,592,Male economically active population,3010,Population - Est. & Proj.,2009,195777.00,A,"Aggregate, may include official, semi-official, estimated or calculated data"
OA,Annual population,5400,Europe,592,Male economically active population,3010,Population - Est. & Proj.,2010,196128.00,A,"Aggregate, may include official, semi-official, estimated or calculated data"
OA,Annual population,5400,Europe,592,Male economically active population,3010,Population - Est. & Proj.,2011,196251.00,A,"Aggregate, may include official, semi-official, estimated or calculated data"
OA,Annual population,5400,Europe,592,Male economically active population,3010,Population - Est. & Proj.,2012,196162.00,A,"Aggregate, may include official, semi-official, estimated or calculated data"
OA,Annual population,5400,Europe,592,Male economically active population,3010,Population - Est. & Proj.,2013,195885.00,A,"Aggregate, may include official, semi-official, estimated or calculated data"
OA,Annual population,5400,Europe,592,Male economically active population,3010,Population - Est. & Proj.,2014,195481.00,A,"Aggregate, may include official, semi-official, estimated or calculated data"
OA,Annual population,5400,Europe,593,Female economically active population,3010,Population - Est. & Proj.,2000,156501.00,A,"Aggregate, may include official, semi-official, estimated or calculated data"
OA,Annual population,5400,Europe,593,Female economically active population,3010,Population - Est. & Proj.,2001,157820.00,A,"Aggregate, may include official, semi-official, estimated or calculated data"
OA,Annual population,5400,Europe,593,Female economically active population,3010,Population - Est. & Proj.,2002,159160.00,A,"Aggregate, may include official, semi-official, estimated or calculated data"
OA,Annual population,5400,Europe,593,Female economically active population,3010,Population - Est. & Proj.,2003,160463.00,A,"Aggregate, may include official, semi-official, estimated or calculated data"
OA,Annual population,5400,Europe,593,Female economically active population,3010,Population - Est. & Proj.,2004,162188.00,A,"Aggregate, may include official, semi-official, estimated or calculated data"
OA,Annual population,5400,Europe,593,Female economically active population,3010,Population - Est. & Proj.,2005,163773.00,A,"Aggregate, may include official, semi-official, estimated or calculated data"
OA,Annual population,5400,Europe,593,Female economically active population,3010,Population - Est. & Proj.,2006,165404.00,A,"Aggregate, may include official, semi-official, estimated or calculated data"
OA,Annual population,5400,Europe,593,Female economically active population,3010,Population - Est. & Proj.,2007,167485.00,A,"Aggregate, may include official, semi-official, estimated or calculated data"
OA,Annual population,5400,Europe,593,Female economically active population,3010,Population - Est. & Proj.,2008,168895.00,A,"Aggregate, may include official, semi-official, estimated or calculated data"
OA,Annual population,5400,Europe,593,Female economically active population,3010,Population - Est. & Proj.,2009,170147.00,A,"Aggregate, may include official, semi-official, estimated or calculated data"
OA,Annual population,5400,Europe,593,Female economically active population,3010,Population - Est. & Proj.,2010,171178.00,A,"Aggregate, may include official, semi-official, estimated or calculated data"
OA,Annual population,5400,Europe,593,Female economically active population,3010,Population - Est. & Proj.,2011,171959.00,A,"Aggregate, may include official, semi-official, estimated or calculated data"
OA,Annual population,5400,Europe,593,Female economically active population,3010,Population - Est. & Proj.,2012,172503.00,A,"Aggregate, may include official, semi-official, estimated or calculated data"
OA,Annual population,5400,Europe,593,Female economically active population,3010,Population - Est. & Proj.,2013,172824.00,A,"Aggregate, may include official, semi-official, estimated or calculated data"
OA,Annual population,5400,Europe,593,Female economically active population,3010,Population - Est. & Proj.,2014,172969.00,A,"Aggregate, may include official, semi-official, estimated or calculated data"
OA,Annual population,5400,Europe,602,Male economically active population in Agr,3010,Population - Est. & Proj.,2000,18784.00,A,"Aggregate, may include official, semi-official, estimated or calculated data"
OA,Annual population,5400,Europe,602,Male economically active population in Agr,3010,Population - Est. & Proj.,2001,18305.00,A,"Aggregate, may include official, semi-official, estimated or calculated data"
OA,Annual population,5400,Europe,602,Male economically active population in Agr,3010,Population - Est. & Proj.,2002,17779.00,A,"Aggregate, may include official, semi-official, estimated or calculated data"
OA,Annual population,5400,Europe,602,Male economically active population in Agr,3010,Population - Est. & Proj.,2003,17341.00,A,"Aggregate, may include official, semi-official, estimated or calculated data"
OA,Annual population,5400,Europe,602,Male economically active population in Agr,3010,Population - Est. & Proj.,2004,16898.00,A,"Aggregate, may include official, semi-official, estimated or calculated data"
OA,Annual population,5400,Europe,602,Male economically active population in Agr,3010,Population - Est. & Proj.,2005,16587.00,A,"Aggregate, may include official, semi-official, estimated or calculated data"
OA,Annual population,5400,Europe,602,Male economically active population in Agr,3010,Population - Est. & Proj.,2006,16187.00,A,"Aggregate, may include official, semi-official, estimated or calculated data"
OA,Annual population,5400,Europe,602,Male economically active population in Agr,3010,Population - Est. & Proj.,2007,15796.00,A,"Aggregate, may include official, semi-official, estimated or calculated data"
OA,Annual population,5400,Europe,602,Male economically active population in Agr,3010,Population - Est. & Proj.,2008,15424.00,A,"Aggregate, may include official, semi-official, estimated or calculated data"
OA,Annual population,5400,Europe,602,Male economically active population in Agr,3010,Population - Est. & Proj.,2009,15055.00,A,"Aggregate, may include official, semi-official, estimated or calculated data"
OA,Annual population,5400,Europe,602,Male economically active population in Agr,3010,Population - Est. & Proj.,2010,14678.00,A,"Aggregate, may include official, semi-official, estimated or calculated data"
OA,Annual population,5400,Europe,602,Male economically active population in Agr,3010,Population - Est. & Proj.,2011,14288.00,A,"Aggregate, may include official, semi-official, estimated or calculated data"
OA,Annual population,5400,Europe,602,Male economically active population in Agr,3010,Population - Est. & Proj.,2012,13889.00,A,"Aggregate, may include official, semi-official, estimated or calculated data"
OA,Annual population,5400,Europe,602,Male economically active population in Agr,3010,Population - Est. & Proj.,2013,13493.00,A,"Aggregate, may include official, semi-official, estimated or calculated data"
OA,Annual population,5400,Europe,602,Male economically active population in Agr,3010,Population - Est. & Proj.,2014,13094.00,A,"Aggregate, may include official, semi-official, estimated or calculated data"
OA,Annual population,5400,Europe,603,Female economically active population in Agr,3010,Population - Est. & Proj.,2000,10508.00,A,"Aggregate, may include official, semi-official, estimated or calculated data"
OA,Annual population,5400,Europe,603,Female economically active population in Agr,3010,Population - Est. & Proj.,2001,10109.00,A,"Aggregate, may include official, semi-official, estimated or calculated data"
OA,Annual population,5400,Europe,603,Female economically active population in Agr,3010,Population - Est. & Proj.,2002,9660.00,A,"Aggregate, may include official, semi-official, estimated or calculated data"
OA,Annual population,5400,Europe,603,Female economically active population in Agr,3010,Population - Est. & Proj.,2003,9276.00,A,"Aggregate, may include official, semi-official, estimated or calculated data"
OA,Annual population,5400,Europe,603,Female economically active population in Agr,3010,Population - Est. & Proj.,2004,8919.00,A,"Aggregate, may include official, semi-official, estimated or calculated data"
OA,Annual population,5400,Europe,603,Female economically active population in Agr,3010,Population - Est. & Proj.,2005,8574.00,A,"Aggregate, may include official, semi-official, estimated or calculated data"
OA,Annual population,5400,Europe,603,Female economically active population in Agr,3010,Population - Est. & Proj.,2006,8230.00,A,"Aggregate, may include official, semi-official, estimated or calculated data"
OA,Annual population,5400,Europe,603,Female economically active population in Agr,3010,Population - Est. & Proj.,2007,7950.00,A,"Aggregate, may include official, semi-official, estimated or calculated data"
OA,Annual population,5400,Europe,603,Female economically active population in Agr,3010,Population - Est. & Proj.,2008,7642.00,A,"Aggregate, may include official, semi-official, estimated or calculated data"
OA,Annual population,5400,Europe,603,Female economically active population in Agr,3010,Population - Est. & Proj.,2009,7333.00,A,"Aggregate, may include official, semi-official, estimated or calculated data"
OA,Annual population,5400,Europe,603,Female economically active population in Agr,3010,Population - Est. & Proj.,2010,7029.00,A,"Aggregate, may include official, semi-official, estimated or calculated data"
OA,Annual population,5400,Europe,603,Female economically active population in Agr,3010,Population - Est. & Proj.,2011,6745.00,A,"Aggregate, may include official, semi-official, estimated or calculated data"
OA,Annual population,5400,Europe,603,Female economically active population in Agr,3010,Population - Est. & Proj.,2012,6458.00,A,"Aggregate, may include official, semi-official, estimated or calculated data"
OA,Annual population,5400,Europe,603,Female economically active population in Agr,3010,Population - Est. & Proj.,2013,6183.00,A,"Aggregate, may include official, semi-official, estimated or calculated data"
OA,Annual population,5400,Europe,603,Female economically active population in Agr,3010,Population - Est. & Proj.,2014,5913.00,A,"Aggregate, may include official, semi-official, estimated or calculated data"
OA,Annual population,5500,Oceania,592,Male economically active population,3010,Population - Est. & Proj.,2000,8387.00,A,"Aggregate, may include official, semi-official, estimated or calculated data"
OA,Annual population,5500,Oceania,592,Male economically active population,3010,Population - Est. & Proj.,2001,8513.00,A,"Aggregate, may include official, semi-official, estimated or calculated data"
OA,Annual population,5500,Oceania,592,Male economically active population,3010,Population - Est. & Proj.,2002,8647.00,A,"Aggregate, may include official, semi-official, estimated or calculated data"
OA,Annual population,5500,Oceania,592,Male economically active population,3010,Population - Est. & Proj.,2003,8749.00,A,"Aggregate, may include official, semi-official, estimated or calculated data"
OA,Annual population,5500,Oceania,592,Male economically active population,3010,Population - Est. & Proj.,2004,8914.00,A,"Aggregate, may include official, semi-official, estimated or calculated data"
OA,Annual population,5500,Oceania,592,Male economically active population,3010,Population - Est. & Proj.,2005,9135.00,A,"Aggregate, may include official, semi-official, estimated or calculated data"
OA,Annual population,5500,Oceania,592,Male economically active population,3010,Population - Est. & Proj.,2006,9343.00,A,"Aggregate, may include official, semi-official, estimated or calculated data"
OA,Annual population,5500,Oceania,592,Male economically active population,3010,Population - Est. & Proj.,2007,9468.00,A,"Aggregate, may include official, semi-official, estimated or calculated data"
OA,Annual population,5500,Oceania,592,Male economically active population,3010,Population - Est. & Proj.,2008,9661.00,A,"Aggregate, may include official, semi-official, estimated or calculated data"
OA,Annual population,5500,Oceania,592,Male economically active population,3010,Population - Est. & Proj.,2009,9852.00,A,"Aggregate, may include official, semi-official, estimated or calculated data"
OA,Annual population,5500,Oceania,592,Male economically active population,3010,Population - Est. & Proj.,2010,10028.00,A,"Aggregate, may include official, semi-official, estimated or calculated data"
OA,Annual population,5500,Oceania,592,Male economically active population,3010,Population - Est. & Proj.,2011,10196.00,A,"Aggregate, may include official, semi-official, estimated or calculated data"
OA,Annual population,5500,Oceania,592,Male economically active population,3010,Population - Est. & Proj.,2012,10349.00,A,"Aggregate, may include official, semi-official, estimated or calculated data"
OA,Annual population,5500,Oceania,592,Male economically active population,3010,Population - Est. & Proj.,2013,10491.00,A,"Aggregate, may include official, semi-official, estimated or calculated data"
OA,Annual population,5500,Oceania,592,Male economically active population,3010,Population - Est. & Proj.,2014,10631.00,A,"Aggregate, may include official, semi-official, estimated or calculated data"
OA,Annual population,5500,Oceania,593,Female economically active population,3010,Population - Est. & Proj.,2000,6659.00,A,"Aggregate, may include official, semi-official, estimated or calculated data"
OA,Annual population,5500,Oceania,593,Female economically active population,3010,Population - Est. & Proj.,2001,6826.00,A,"Aggregate, may include official, semi-official, estimated or calculated data"
OA,Annual population,5500,Oceania,593,Female economically active population,3010,Population - Est. & Proj.,2002,6964.00,A,"Aggregate, may include official, semi-official, estimated or calculated data"
OA,Annual population,5500,Oceania,593,Female economically active population,3010,Population - Est. & Proj.,2003,7135.00,A,"Aggregate, may include official, semi-official, estimated or calculated data"
OA,Annual population,5500,Oceania,593,Female economically active population,3010,Population - Est. & Proj.,2004,7258.00,A,"Aggregate, may include official, semi-official, estimated or calculated data"
OA,Annual population,5500,Oceania,593,Female economically active population,3010,Population - Est. & Proj.,2005,7520.00,A,"Aggregate, may include official, semi-official, estimated or calculated data"
OA,Annual population,5500,Oceania,593,Female economically active population,3010,Population - Est. & Proj.,2006,7717.00,A,"Aggregate, may include official, semi-official, estimated or calculated data"
OA,Annual population,5500,Oceania,593,Female economically active population,3010,Population - Est. & Proj.,2007,7877.00,A,"Aggregate, may include official, semi-official, estimated or calculated data"
OA,Annual population,5500,Oceania,593,Female economically active population,3010,Population - Est. & Proj.,2008,8075.00,A,"Aggregate, may include official, semi-official, estimated or calculated data"
OA,Annual population,5500,Oceania,593,Female economically active population,3010,Population - Est. & Proj.,2009,8274.00,A,"Aggregate, may include official, semi-official, estimated or calculated data"
OA,Annual population,5500,Oceania,593,Female economically active population,3010,Population - Est. & Proj.,2010,8466.00,A,"Aggregate, may include official, semi-official, estimated or calculated data"
OA,Annual population,5500,Oceania,593,Female economically active population,3010,Population - Est. & Proj.,2011,8645.00,A,"Aggregate, may include official, semi-official, estimated or calculated data"
OA,Annual population,5500,Oceania,593,Female economically active population,3010,Population - Est. & Proj.,2012,8820.00,A,"Aggregate, may include official, semi-official, estimated or calculated data"
OA,Annual population,5500,Oceania,593,Female economically active population,3010,Population - Est. & Proj.,2013,8986.00,A,"Aggregate, may include official, semi-official, estimated or calculated data"
OA,Annual population,5500,Oceania,593,Female economically active population,3010,Population - Est. & Proj.,2014,9145.00,A,"Aggregate, may include official, semi-official, estimated or calculated data"
OA,Annual population,5500,Oceania,602,Male economically active population in Agr,3010,Population - Est. & Proj.,2000,1483.00,A,"Aggregate, may include official, semi-official, estimated or calculated data"
OA,Annual population,5500,Oceania,602,Male economically active population in Agr,3010,Population - Est. & Proj.,2001,1497.00,A,"Aggregate, may include official, semi-official, estimated or calculated data"
OA,Annual population,5500,Oceania,602,Male economically active population in Agr,3010,Population - Est. & Proj.,2002,1505.00,A,"Aggregate, may include official, semi-official, estimated or calculated data"
OA,Annual population,5500,Oceania,602,Male economically active population in Agr,3010,Population - Est. & Proj.,2003,1508.00,A,"Aggregate, may include official, semi-official, estimated or calculated data"
OA,Annual population,5500,Oceania,602,Male economically active population in Agr,3010,Population - Est. & Proj.,2004,1520.00,A,"Aggregate, may include official, semi-official, estimated or calculated data"
OA,Annual population,5500,Oceania,602,Male economically active population in Agr,3010,Population - Est. & Proj.,2005,1537.00,A,"Aggregate, may include official, semi-official, estimated or calculated data"
OA,Annual population,5500,Oceania,602,Male economically active population in Agr,3010,Population - Est. & Proj.,2006,1550.00,A,"Aggregate, may include official, semi-official, estimated or calculated data"
OA,Annual population,5500,Oceania,602,Male economically active population in Agr,3010,Population - Est. & Proj.,2007,1568.00,A,"Aggregate, may include official, semi-official, estimated or calculated data"
OA,Annual population,5500,Oceania,602,Male economically active population in Agr,3010,Population - Est. & Proj.,2008,1585.00,A,"Aggregate, may include official, semi-official, estimated or calculated data"
OA,Annual population,5500,Oceania,602,Male economically active population in Agr,3010,Population - Est. & Proj.,2009,1602.00,A,"Aggregate, may include official, semi-official, estimated or calculated data"
OA,Annual population,5500,Oceania,602,Male economically active population in Agr,3010,Population - Est. & Proj.,2010,1618.00,A,"Aggregate, may include official, semi-official, estimated or calculated data"
OA,Annual population,5500,Oceania,602,Male economically active population in Agr,3010,Population - Est. & Proj.,2011,1632.00,A,"Aggregate, may include official, semi-official, estimated or calculated data"
OA,Annual population,5500,Oceania,602,Male economically active population in Agr,3010,Population - Est. & Proj.,2012,1649.00,A,"Aggregate, may include official, semi-official, estimated or calculated data"
OA,Annual population,5500,Oceania,602,Male economically active population in Agr,3010,Population - Est. & Proj.,2013,1664.00,A,"Aggregate, may include official, semi-official, estimated or calculated data"
OA,Annual population,5500,Oceania,602,Male economically active population in Agr,3010,Population - Est. & Proj.,2014,1680.00,A,"Aggregate, may include official, semi-official, estimated or calculated data"
OA,Annual population,5500,Oceania,603,Female economically active population in Agr,3010,Population - Est. & Proj.,2000,1315.00,A,"Aggregate, may include official, semi-official, estimated or calculated data"
OA,Annual population,5500,Oceania,603,Female economically active population in Agr,3010,Population - Est. & Proj.,2001,1343.00,A,"Aggregate, may include official, semi-official, estimated or calculated data"
OA,Annual population,5500,Oceania,603,Female economically active population in Agr,3010,Population - Est. & Proj.,2002,1367.00,A,"Aggregate, may include official, semi-official, estimated or calculated data"
OA,Annual population,5500,Oceania,603,Female economically active population in Agr,3010,Population - Est. & Proj.,2003,1393.00,A,"Aggregate, may include official, semi-official, estimated or calculated data"
OA,Annual population,5500,Oceania,603,Female economically active population in Agr,3010,Population - Est. & Proj.,2004,1419.00,A,"Aggregate, may include official, semi-official, estimated or calculated data"
OA,Annual population,5500,Oceania,603,Female economically active population in Agr,3010,Population - Est. & Proj.,2005,1452.00,A,"Aggregate, may include official, semi-official, estimated or calculated data"
OA,Annual population,5500,Oceania,603,Female economically active population in Agr,3010,Population - Est. & Proj.,2006,1483.00,A,"Aggregate, may include official, semi-official, estimated or calculated data"
OA,Annual population,5500,Oceania,603,Female economically active population in Agr,3010,Population - Est. & Proj.,2007,1512.00,A,"Aggregate, may include official, semi-official, estimated or calculated data"
OA,Annual population,5500,Oceania,603,Female economically active population in Agr,3010,Population - Est. & Proj.,2008,1545.00,A,"Aggregate, may include official, semi-official, estimated or calculated data"
OA,Annual population,5500,Oceania,603,Female economically active population in Agr,3010,Population - Est. & Proj.,2009,1579.00,A,"Aggregate, may include official, semi-official, estimated or calculated data"
OA,Annual population,5500,Oceania,603,Female economically active population in Agr,3010,Population - Est. & Proj.,2010,1612.00,A,"Aggregate, may include official, semi-official, estimated or calculated data"
OA,Annual population,5500,Oceania,603,Female economically active population in Agr,3010,Population - Est. & Proj.,2011,1644.00,A,"Aggregate, may include official, semi-official, estimated or calculated data"
OA,Annual population,5500,Oceania,603,Female economically active population in Agr,3010,Population - Est. & Proj.,2012,1678.00,A,"Aggregate, may include official, semi-official, estimated or calculated data"
OA,Annual population,5500,Oceania,603,Female economically active population in Agr,3010,Population - Est. & Proj.,2013,1710.00,A,"Aggregate, may include official, semi-official, estimated or calculated data"
OA,Annual population,5500,Oceania,603,Female economically active population in Agr,3010,Population - Est. & Proj.,2014,1742.00,A,"Aggregate, may include official, semi-official, estimated or calculated data"
,,,,,,,,,,,
FAOSTAT Date: Wed Jun 24 14:35:13 CEST 2015,,,,,,,,,,,
