STS_ID,TITLE_STS,TITLE_STS_SHORT,UNIT_MULT,UNIT_MEASURE,DEFINITION,OWNER,SOURCE,DATA_TYPE,SQL_DOMAIN_CODE,SQL_ELEMENT_CODE,SQL_ITEM_CODE,WDINAME,COMMENTS,TOPIC
OA.TPBS.POP.P,"Population, total",Population,thousand,people,"Total population is based on the de facto definition of population, which counts all residents regardless of legal status or citizenship--except for refugees not permanently settled in the country of asylum, who are generally considered part of the population of their country of origin. The values shown are midyear estimates.",World Population Prospects: The 2012 Revision from the UN Population Division,"FAO, Statistics Division (FAOSTAT)",raw,OA,511,3010,,,Setting
OA.TPBS.POP.P3,"Population, total, 3 year averages",Population,thousand,people,"Total population is based on the de facto definition of population, which counts all residents regardless of legal status or citizenship--except for refugees not permanently settled in the country of asylum, who are generally considered part of the population of their country of origin. The values shown are midyear estimates.",World Population Prospects: The 2012 Revision from the UN Population Division,"FAO, Statistics Division (FAOSTAT)",processed,,,,,,Setting
OA.TPBS.POP.GR10,Population annual growth (percent),Population,,percent,,,,processed,,,,,,demography
OA.TPR.POP.P,"Rural population, total",Rural,thousand,people,Rural population refers to people living in rural areas as defined by national statistical offices.,"United Nations Population Division, World Urbanization Prospects.","FAO, Statistics Division (FAOSTAT)",raw,OA,551,3010,,,setting
OA.TPR.POP.ZS,Rural population (share of total population),Rural,,percent,,,,processed,,,,,,
OA.TPU.POP.P,"Urban population, total",Urban,thousand,people,Urban population refers to people living in urban areas as defined by national statistical offices.,"United Nations Population Division, World Urbanization Prospects.","FAO, Statistics Division (FAOSTAT)",raw,OA,561,3010,,,demography
OA.TPU.POP.ZS,Urban population (share of total population),Urban,,percent,,,,processed,,,,,,demography
SH.DYN.MORT,"Mortality rate, under-5 (per 1,000 live births)",Under-5 mortality rate,,rate,"Under-five mortality rate is the probability per 1,000 that a newborn baby will die before reaching age five, if subject to current age-specific mortality rates.","Level & Trends in Child Mortality. Report 2011. Estimates Developed by the UN Inter-agency Group for Child Mortality Estimation (UNICEF, WHO, World Bank, UN DESA, UNPD).",World Bank (WDI),raw,,,,SH.DYN.MORT,,setting
SP.DYN.LE00.IN,"Life expectancy at birth, total (years)",Life expectancy,,years,Life expectancy at birth indicates the number of years a newborn infant would live if prevailing patterns of mortality at the time of its birth were to stay the same throughout its life.,UNPD World Population Prospects 2010,World Bank (WDI),raw,,,,SP.DYN.LE00.IN,,setting
SH.DTH.COMM.ZS,"Cause of death, by communicable diseases and maternal, prenatal and nutrition conditions (% of total)","Cause of death, by communicable diseases and maternal, prenatal and nutrition conditions",,percent,"Cause of death refers to the share of all deaths for all ages by underlying causes. Communicable diseases and maternal, prenatal and nutrition conditions include infectious and parasitic diseases, respiratory infections, and nutritional deficiencies such as underweight and stunting.",Derived based on the data from WHO's World Health Statistics.,World Bank (WDI),raw,,,,SH.DTH.COMM.ZS,,setting
SH.DTH.NCOM.ZS,"Cause of death, by non-communicable diseases (% of total)","Cause of death, by non-communicable diseases",,percent,"Cause of death refers to the share of all deaths for all ages by underlying causes. Non-communicable diseases include cancer, diabetes mellitus, cardiovascular diseases, digestive diseases, skin diseases, musculoskeletal diseases, and congenital anomalies.",Derived based on the data from WHO's World Health Statistics.,World Bank (WDI),raw,,,,SH.DTH.NCOM.ZS,,setting
SH.DTH.INJR.ZS,"Cause of death, by injury (% of total)","Cause of death, by injury",,percent,Cause of death refers to the share of all deaths for all ages by underlying causes. Injuries include unintentional and intentional injuries.,Derived based on the data from WHO's World Health Statistics.,World Bank (WDI),raw,,,,SH.DTH.INJR.ZS,,setting
WSS.SAN.OD.PCT,Open defecation (%),Open defecation,,percent,"No facilities or bush or field includes defecation in the bush or fi eld or ditch; excreta deposited on the ground and covered with a layer of earth (cat method); excreta wrapped and thrown into garbage; and defecation into surface water (drainage channel, beach, river, stream or sea).","JMP, Joint Monitoring Programme",WHO and UNICEF,,,,,,,
SH.STA.BRTW.ZS,Low-birthweight babies (% of births),Low-birthweight babies,,percent,"Low-birthweight babies are newborns weighing less than 2,500 grams, with the measurement taken within the first hours of life, before significant postnatal weight loss has occurred.","UNICEF, State of the World's Children, Childinfo, and Demographic and Health Surveys by ICF International.",World Bank (WDI),raw,,,,SH.STA.BRTW.ZS,,Anthropometry
SH.STA.WAST.MA.ZS,"Prevalence of wasting, male (% of children under 5)","Prevalence of wasting, male",,percent,Wasting prevalence is the proportion of children under five whose weight for height is more than two standard deviations below the median for the international reference population ages 0-59.,"World Health Organization, Global Database on Child Growth and Malnutrition. Country-level data are unadjusted data from national surveys, and thus may not be comparable across countries.",World Bank (WDI),raw,,,,SH.STA.WAST.MA.ZS,,Anthropometry
SH.STA.WAST.FE.ZS,"Prevalence of wasting, female (% of children under 5)","Prevalence of wasting, female",,percent,Wasting prevalence is the proportion of children under five whose weight for height is more than two standard deviations below the median for the international reference population ages 0-59.,"World Health Organization, Global Database on Child Growth and Malnutrition. Country-level data are unadjusted data from national surveys, and thus may not be comparable across countries.",World Bank (WDI),raw,,,,SH.STA.WAST.FE.ZS,,Anthropometry
SH.SVR.WAST.MA.ZS,"Prevalence of severe wasting, weight for height, male (% of children under 5)","Prevalence of severe wasting, weight for height, male",,percent,Severe wasting prevalence is the proportion of children under five whose weight for height is more than three standard deviations below the median for the international reference population ages 0-59.,"World Health Organization, Global Database on Child Growth and Malnutrition. Country-level data are unadjusted data from national surveys, and thus may not be comparable across countries.",World Bank (WDI),raw,,,,SH.SVR.WAST.MA.ZS,,Anthropometry
SH.SVR.WAST.FE.ZS,"Prevalence of severe wasting, weight for height, female (% of children under 5)","Prevalence of severe wasting, weight for height, female",,percent,Severe wasting prevalence is the proportion of children under five whose weight for height is more than three standard deviations below the median for the international reference population ages 0-59.,"World Health Organization, Global Database on Child Growth and Malnutrition. Country-level data are unadjusted data from national surveys, and thus may not be comparable across countries.",World Bank (WDI),raw,,,,SH.SVR.WAST.FE.ZS,,Anthropometry
SH.STA.STNT.MA.ZS,"Malnutrition prevalence, height for age, male (% of children under 5)","Malnutrition prevalence, height for age, male",,percent,Prevalence of child malnutrition is the percentage of children under age 5 whose height for age (stunting) is more than two standard deviations below the median for the international reference population ages 0-59 months. For children up to two years old height is measured by recumbent length. For older children height is measured by stature while standing. The data are based on the WHO's new child growth standards released in 2006.,"World Health Organization, Global Database on Child Growth and Malnutrition. Country-level data are unadjusted data from national surveys, and thus may not be comparable across countries.",World Bank (WDI),raw,,,,SH.STA.STNT.MA.ZS,,Anthropometry
SH.STA.STNT.FE.ZS,"Malnutrition prevalence, height for age, female (% of children under 5)","Malnutrition prevalence, height for age, female",,percent,Prevalence of child malnutrition is the percentage of children under age 5 whose height for age (stunting) is more than two standard deviations below the median for the international reference population ages 0-59 months. For children up to two years old height is measured by recumbent length. For older children height is measured by stature while standing. The data are based on the WHO's new child growth standards released in 2006.,"World Health Organization, Global Database on Child Growth and Malnutrition. Country-level data are unadjusted data from national surveys, and thus may not be comparable across countries.",World Bank (WDI),raw,,,,SH.STA.STNT.FE.ZS,,Anthropometry
SH.STA.MALN.MA.ZS,"Malnutrition prevalence, weight for age, male (% of children under 5)","Malnutrition prevalence, weight for age, male",,percent,Prevalence of child malnutrition is the percentage of children under age 5 whose weight for age is more than two standard deviations below the median for the international reference population ages 0-59 months. The data are based on the WHO's new child growth standards released in 2006.,"World Health Organization, Global Database on Child Growth and Malnutrition. Country-level data are unadjusted data from national surveys, and thus may not be comparable across countries.",World Bank (WDI),raw,,,,SH.STA.MALN.MA.ZS,,Anthropometry
SH.STA.MALN.FE.ZS,"Malnutrition prevalence, weight for age, female (% of children under 5)","Malnutrition prevalence, weight for age, female",,percent,Prevalence of child malnutrition is the percentage of children under age 5 whose weight for age is more than two standard deviations below the median for the international reference population ages 0-59 months. The data are based on the WHO's new child growth standards released in 2006.,"World Health Organization, Global Database on Child Growth and Malnutrition. Country-level data are unadjusted data from national surveys, and thus may not be comparable across countries.",World Bank (WDI),raw,,,,SH.STA.MALN.FE.ZS,,Anthropometry
SH.STA.OWGH.MA.ZS,"Prevalence of overweight, male (% of children under 5)","Prevalence of overweight, male",,percent,Prevalence of overweight children is the percentage of children under age 5 whose weight for height is more than two standard deviations above the median for the international reference population of the corresponding age as established by the WHO's new child growth standards released in 2006.,"World Health Organization, Global Database on Child Growth and Malnutrition. Country-level data are unadjusted data from national surveys, and thus may not be comparable across countries.",World Bank (WDI),raw,,,,SH.STA.OWGH.MA.ZS,,Anthropometry
SH.STA.OWGH.FE.ZS,"Prevalence of overweight, female (% of children under 5)","Prevalence of overweight, female",,percent,Prevalence of overweight children is the percentage of children under age 5 whose weight for height is more than two standard deviations above the median for the international reference population of the corresponding age as established by the WHO's new child growth standards released in 2006.,"World Health Organization, Global Database on Child Growth and Malnutrition. Country-level data are unadjusted data from national surveys, and thus may not be comparable across countries.",World Bank (WDI),raw,,,,SH.STA.OWGH.FE.ZS,,Anthropometry
N.A.OO.PCT,"Prevalence of overweight and obesity, adults (percent)","Prevalence of overweight and obesity, adults",,,,World Health Organization,WHO,raw,,,,,,Anthropometry
N.A.OOMA.PCT,"Prevalence of overweight and obesity, adults, males (percent)","Prevalence of overweight and obesity, adults, males",,,,World Health Organization,WHO,raw,,,,,,Anthropometry
N.A.OOFE.PCT,"Prevalence of overweight and obesity, adults, females (percent)","Prevalence of overweight and obesity, adults, females",,,,World Health Organization,WHO,raw,,,,,,Anthropometry
SH.PRG.ANEM,Prevalence of anemia among pregnant women (%),Prevalence of anemia among pregnant women,,percent,"Prevalence of anemia, pregnant women, is the percentage of pregnant women whose hemoglobin level is less than 110 grams per liter at sea level.","1. WHO. Global anemia prevalence and trends 1995-2011. Geneva: World Health Organization; forthcoming. 2. Stevens GA, Finucane MM, De-Regil LM, et al. Global, regional, and national trends in hemoglobin concentration and prevalence of total and severe anemia in children and pregnant and non-pregnant women for 1995-2011: a systematic analysis of population-representative data. The Lancet Global Health 2013; 1(1): e16-e25.",World Bank (WDI),raw,,,,SH.PRG.ANEM,,Nutritional deficiencies
SH.ANM.NPRG.ZS,Prevalence of anemia among non-pregnant women (% of women ages 15-49),Prevalence of anemia among non-pregnant women,,percent,"Prevalence of anemia, non-pregnant women, is the percentage of non-pregnant women whose hemoglobin level is less than 120 grams per liter at sea level.","1. WHO. Global anemia prevalence and trends 1995-2011. Geneva: World Health Organization; forthcoming. 2. Stevens GA, Finucane MM, De-Regil LM, et al. Global, regional, and national trends in hemoglobin concentration and prevalence of total and severe anemia in children and pregnant and non-pregnant women for 1995-2011: a systematic analysis of population-representative data. The Lancet Global Health 2013; 1(1): e16-e25.",World Bank (WDI),raw,,,,SH.ANM.NPRG.ZS,,Nutritional deficiencies
SN.ITK.VITA.ZS,Vitamin A supplementation coverage rate (% of children ages 6-59 months),Vitamin A supplementation coverage rate,,percent,Vitamin A supplementation refers to the percentage of children ages 6-59 months old who received at least two doses of vitamin A in the previous year.,"United Nations Children's Fund, State of the World's Children.",World Bank (WDI),raw,,,,SN.ITK.VITA.ZS,,Supplementation
SN.ITK.SALT.ZS,Consumption of iodized salt (% of households),Consumption of iodized salt,,percent,Consumption of iodized salt refers to the percentage of households that use edible salt fortified with iodine.,"United Nations Children's Fund, State of the World's Children.",World Bank (WDI),raw,,,,SN.ITK.SALT.ZS,,Supplementation
SH.STA.BFED.ZS,Exclusive breastfeeding (% of children under 6 months),Exclusive breastfeeding,,percent,Exclusive breastfeeding refers to the percentage of children less than six months old who are fed breast milk alone (no other liquids) in the past 24 hours.,"UNICEF, State of the World's Children, Childinfo, and Demographic and Health Surveys by ICF International.",World Bank (WDI),raw,,,,SH.STA.BFED.ZS,,Diet
N.D.MDDIYC.PCT,Mimimum dietary diversity in infants and young children (percent),Mimimum dietary diversity in infants and young children,,percent,,WHO,WHO,raw,,,,,,Diet
N.D.MMFIYC.PCT,Minimum meal frequency in infants and young children (percent),Minimum meal frequency in infants and young children,,percent,,WHO,WHO,raw,,,,,,Diet
FBS.PCS.CRLS.KCD,"Food supply, cereals - excluding beer (kcal/cap/day)",Cereals - excluding beer,,kcal/cap/day,,FAO,"FAO, Statistics Division (FAOSTAT)",raw,FBS,664,2905,,,Diet
FBS.PCS.CRLS.KCD3,"Food supply, cereals - excluding beer, three year averages (kcal/cap/day)",Cereals - excluding beer,,kcal/cap/day,,FAO,"FAO, Statistics Division (FAOSTAT)",processed,,,,,,Diet
FBS.PCS.CRLS.KCDI,"Food supply, cereals - excluding beer, imputed (kcal/cap/day)",Cereals - excluding beer,,kcal/cap/day,,FAO,"FAO, Statistics Division (FAOSTAT)",processed,,,,,,Diet
FBS.PCS.CRLS.KCDI3,"Food supply, cereals - excluding beer, imputed, three year averages (kcal/cap/day)",Cereals - excluding beer,,kcal/cap/day,,FAO,"FAO, Statistics Division (FAOSTAT)",processed,,,,,,Diet
FBS.PCS.CRLS.KCD3D,"Food supply, cereals - excluding beer, three year averages, dissemination (kcal/cap/day)",Cereals - excluding beer,,kcal/cap/day,,FAO,"FAO, Statistics Division (FAOSTAT)",processed,,,,,,Diet
FBS.SDES.CRLS.PCT3D,"Share of DES from cereals - excluding beer, three year averages, dissemination (percent)",Cereals - excluding beer,,percent,,FAO,"FAO, Statistics Division (FAOSTAT)",processed,,,,,,Diet
FBS.PCS.SR.KCD,"Food supply, starchy roots (kcal/cap/day)",Starchy roots,,kcal/cap/day,,FAO,"FAO, Statistics Division (FAOSTAT)",raw,FBS,664,2907,,,Diet
FBS.PCS.SR.KCD3,"Food supply, starchy roots, three year averages (kcal/cap/day)",Starchy roots,,kcal/cap/day,,FAO,"FAO, Statistics Division (FAOSTAT)",processed,,,,,,Diet
FBS.PCS.SR.KCDI,"Food supply, starchy roots, imputed (kcal/cap/day)",Starchy roots,,kcal/cap/day,,FAO,"FAO, Statistics Division (FAOSTAT)",processed,,,,,,Diet
FBS.PCS.SR.KCDI3,"Food supply, starchy roots, imputed, three year averages (kcal/cap/day)",Starchy roots,,kcal/cap/day,,FAO,"FAO, Statistics Division (FAOSTAT)",processed,,,,,,Diet
FBS.PCS.SR.KCD3D,"Food supply, starchy roots, three year averages, dissemination (kcal/cap/day)",Starchy roots,,kcal/cap/day,,FAO,"FAO, Statistics Division (FAOSTAT)",processed,,,,,,Diet
FBS.SDES.SR.PCT3D,"Share of DES from starchy roots, three year averages, dissemination (percent)",Starchy roots,,percent,,FAO,"FAO, Statistics Division (FAOSTAT)",processed,,,,,,Diet
FBS.PCS.SS.KCD,"Food supply, sugar and sweeteners (kcal/cap/day)",Sugar and sweeteners,,kcal/cap/day,,FAO,"FAO, Statistics Division (FAOSTAT)",raw,FBS,664,2909,,,Diet
FBS.PCS.SS.KCD3,"Food supply, sugar and sweeteners, three year averages (kcal/cap/day)",Sugar and sweeteners,,kcal/cap/day,,FAO,"FAO, Statistics Division (FAOSTAT)",processed,,,,,,Diet
FBS.PCS.SS.KCDI,"Food supply, sugar and sweeteners, imputed (kcal/cap/day)",Sugar and sweeteners,,kcal/cap/day,,FAO,"FAO, Statistics Division (FAOSTAT)",processed,,,,,,Diet
FBS.PCS.SS.KCDI3,"Food supply, sugar and sweeteners, imputed, 3 year averages (kcal/cap/day)",Sugar and sweeteners,,kcal/cap/day,,FAO,"FAO, Statistics Division (FAOSTAT)",processed,,,,,,Diet
FBS.PCS.SS.KCD3D,"Food supply, sugar and sweeteners, three year averages, dissemination (kcal/cap/day)",Sugar and sweeteners,,kcal/cap/day,,FAO,"FAO, Statistics Division (FAOSTAT)",processed,,,,,,Diet
FBS.SDES.SS.PCT3D,"Share of DES from sugar and sweeteners, three year averages, dissemination (percent)",Sugar and sweeteners,,percent,,FAO,"FAO, Statistics Division (FAOSTAT)",processed,,,,,,Diet
FBS.PCS.PLS.KCD,"Food supply, pulses (kcal/cap/day)",Pulses,,kcal/cap/day,,FAO,"FAO, Statistics Division (FAOSTAT)",raw,FBS,664,2911,,,Diet
FBS.PCS.PLS.KCD3,"Food supply, pulses, three year averages (kcal/cap/day)",Pulses,,kcal/cap/day,,FAO,"FAO, Statistics Division (FAOSTAT)",processed,,,,,,Diet
FBS.PCS.PLS.KCDI,"Food supply, pulses, imputed (kcal/cap/day)",Pulses,,kcal/cap/day,,FAO,"FAO, Statistics Division (FAOSTAT)",processed,,,,,,Diet
FBS.PCS.PLS.KCDI3,"Food supply, pulses, imputed, three year averages (kcal/cap/day)",Pulses,,kcal/cap/day,,FAO,"FAO, Statistics Division (FAOSTAT)",processed,,,,,,Diet
FBS.PCS.PLS.KCD3D,"Food supply, pulses, three year averages, dissemination (kcal/cap/day)",Pulses,,kcal/cap/day,,FAO,"FAO, Statistics Division (FAOSTAT)",processed,,,,,,Diet
FBS.SDES.PLS.PCT3D,"Share of DES from pulses, three year averages, dissemination (percent)",Pulses,,percent,,FAO,"FAO, Statistics Division (FAOSTAT)",processed,,,,,,Diet
FBS.PCS.TRNT.KCD,"Food supply, treenuts (kcal/cap/day)",Treenuts,,kcal/cap/day,,FAO,"FAO, Statistics Division (FAOSTAT)",raw,FBS,664,2912,,,Diet
FBS.PCS.TRNT.KCD3,"Food supply, treenuts, three year averages (kcal/cap/day)",Treenuts,,kcal/cap/day,,FAO,"FAO, Statistics Division (FAOSTAT)",processed,,,,,,Diet
FBS.PCS.TRNT.KCDI,"Food supply, treenuts, imputed (kcal/cap/day)",Treenuts,,kcal/cap/day,,FAO,"FAO, Statistics Division (FAOSTAT)",processed,,,,,,Diet
FBS.PCS.TRNT.KCDI3,"Food supply, treenuts, imputed, three year averages (kcal/cap/day)",Treenuts,,kcal/cap/day,,FAO,"FAO, Statistics Division (FAOSTAT)",processed,,,,,,Diet
FBS.PCS.TRNT.KCD3D,"Food supply, treenuts, three year averages, dissemination (kcal/cap/day)",Treenuts,,kcal/cap/day,,FAO,"FAO, Statistics Division (FAOSTAT)",processed,,,,,,Diet
FBS.SDES.TRNT.PCT3D,"Share of DES from treenuts, three year averages, dissemination (percent)",Treenuts,,percent,,FAO,"FAO, Statistics Division (FAOSTAT)",processed,,,,,,Diet
FBS.PCS.OCRPS.KCD,"Food supply, oilcrops (kcal/cap/day)",Oilcrops,,kcal/cap/day,,FAO,"FAO, Statistics Division (FAOSTAT)",raw,FBS,664,2913,,,Diet
FBS.PCS.OCRPS.KCD3,"Food supply, oilcrops, three year averages (kcal/cap/day)",Oilcrops,,kcal/cap/day,,FAO,"FAO, Statistics Division (FAOSTAT)",processed,,,,,,Diet
FBS.PCS.OCRPS.KCDI,"Food supply, oilcrops, imputed (kcal/cap/day)",Oilcrops,,kcal/cap/day,,FAO,"FAO, Statistics Division (FAOSTAT)",processed,,,,,,Diet
FBS.PCS.OCRPS.KCDI3,"Food supply, oilcrops, imputed, three year averages (kcal/cap/day)",Oilcrops,,kcal/cap/day,,FAO,"FAO, Statistics Division (FAOSTAT)",processed,,,,,,Diet
FBS.PCS.OCRPS.KCD3D,"Food supply, oilcrops, three year averages, dissemination (kcal/cap/day)",Oilcrops,,kcal/cap/day,,FAO,"FAO, Statistics Division (FAOSTAT)",processed,,,,,,Diet
FBS.SDES.OCRPS.PCT3D,"Share of DES from oilcrops, three year averages, dissemination (percent)",Oilcrops,,percent,,FAO,"FAO, Statistics Division (FAOSTAT)",processed,,,,,,Diet
FBS.PCS.VO.KCD,"Food supply, vegetable oils (kcal/cap/day)",Vegetable oils,,kcal/cap/day,,FAO,"FAO, Statistics Division (FAOSTAT)",raw,FBS,664,2914,,,Diet
FBS.PCS.VO.KCD3,"Food supply, vegetable oils, three year averages (kcal/cap/day)",Vegetable oils,,kcal/cap/day,,FAO,"FAO, Statistics Division (FAOSTAT)",processed,,,,,,Diet
FBS.PCS.VO.KCDI,"Food supply, vegetable oils, imputed (kcal/cap/day)",Vegetable oils,,kcal/cap/day,,FAO,"FAO, Statistics Division (FAOSTAT)",processed,,,,,,Diet
FBS.PCS.VO.KCDI3,"Food supply, vegetable oils, imputed, three year averages (kcal/cap/day)",Vegetable oils,,kcal/cap/day,,FAO,"FAO, Statistics Division (FAOSTAT)",processed,,,,,,Diet
FBS.PCS.VO.KCD3D,"Food supply, vegetable oils, three year averages, dissemination (kcal/cap/day)",Vegetable oils,,kcal/cap/day,,FAO,"FAO, Statistics Division (FAOSTAT)",processed,,,,,,Diet
FBS.SDES.VO.PCT3D,"Share of DES from vegetable oils, three year averages, dissemination (percent)",Vegetable oils,,percent,,FAO,"FAO, Statistics Division (FAOSTAT)",processed,,,,,,Diet
FBS.PCS.VGT.KCD,"Food supply, vegetables (kcal/cap/day)",Vegetables,,kcal/cap/day,,FAO,"FAO, Statistics Division (FAOSTAT)",raw,FBS,664,2918,,,Diet
FBS.PCS.VGT.KCD3,"Food supply, vegetables, three year averages (kcal/cap/day)",Vegetables,,kcal/cap/day,,FAO,"FAO, Statistics Division (FAOSTAT)",processed,,,,,,Diet
FBS.PCS.VGT.KCDI,"Food supply, vegetables, imputed (kcal/cap/day)",Vegetables,,kcal/cap/day,,FAO,"FAO, Statistics Division (FAOSTAT)",processed,,,,,,Diet
FBS.PCS.VGT.KCDI3,"Food supply, vegetables, imputed, three year averages (kcal/cap/day)",Vegetables,,kcal/cap/day,,FAO,"FAO, Statistics Division (FAOSTAT)",processed,,,,,,Diet
FBS.PCS.VGT.KCD3D,"Food supply, vegetables, three year averages, dissemination (kcal/cap/day)",Vegetables,,kcal/cap/day,,FAO,"FAO, Statistics Division (FAOSTAT)",processed,,,,,,Diet
FBS.SDES.VGT.PCT3D,"Share of DES from vegetables, three year averages, dissemination (percent)",Vegetables,,percent,,FAO,"FAO, Statistics Division (FAOSTAT)",processed,,,,,,Diet
FBS.PCS.FEW.KCD,"Food supply, fruits - excluding wine (kcal/cap/day)",Fruits - excluding wine,,kcal/cap/day,,FAO,"FAO, Statistics Division (FAOSTAT)",raw,FBS,664,2919,,,Diet
FBS.PCS.FEW.KCD3,"Food supply, fruits - excluding wine, three year averages (kcal/cap/day)",Fruits - excluding wine,,kcal/cap/day,,FAO,"FAO, Statistics Division (FAOSTAT)",processed,,,,,,Diet
FBS.PCS.FEW.KCDI,"Food supply, fruits - excluding wine, imputed (kcal/cap/day)",Fruits - excluding wine,,kcal/cap/day,,FAO,"FAO, Statistics Division (FAOSTAT)",processed,,,,,,Diet
FBS.PCS.FEW.KCDI3,"Food supply, fruits - excluding wine, imputed, three year averages (kcal/cap/day)",Fruits - excluding wine,,kcal/cap/day,,FAO,"FAO, Statistics Division (FAOSTAT)",processed,,,,,,Diet
FBS.PCS.FEW.KCD3D,"Food supply, fruits - excluding wine, three year averages, dissemination (kcal/cap/day)",Fruits - excluding wine,,kcal/cap/day,,FAO,"FAO, Statistics Division (FAOSTAT)",processed,,,,,,Diet
FBS.SDES.FEW.PCT3D,"Share of DES from fruits - excluding wine, three year averages, dissemination (percent)",Fruits - excluding wine,,percent,,FAO,"FAO, Statistics Division (FAOSTAT)",processed,,,,,,Diet
FBS.PCS.AB.KCD,"Food supply, alcoholic beverages (kcal/cap/day)",Alcoholic beverages,,kcal/cap/day,,FAO,"FAO, Statistics Division (FAOSTAT)",raw,FBS,664,2924,,,Diet
FBS.PCS.AB.KCD3,"Food supply, alcoholic beverages (kcal/cap/day)",Alcoholic beverages,,kcal/cap/day,,FAO,"FAO, Statistics Division (FAOSTAT)",processed,,,,,,Diet
FBS.PCS.AB.KCDI,"Food supply, alcoholic beverages (kcal/cap/day)",Alcoholic beverages,,kcal/cap/day,,FAO,"FAO, Statistics Division (FAOSTAT)",processed,,,,,,Diet
FBS.PCS.AB.KCDI3,"Food supply, alcoholic beverages, three year averages (kcal/cap/day)",Alcoholic beverages,,kcal/cap/day,,FAO,"FAO, Statistics Division (FAOSTAT)",processed,,,,,,Diet
FBS.PCS.AB.KCD3D,"Food supply, alcoholic beverages, dissemination (kcal/cap/day)",Alcoholic beverages,,kcal/cap/day,,FAO,"FAO, Statistics Division (FAOSTAT)",processed,,,,,,Diet
FBS.SDES.AB.PCT3D,"Share of DES from alcoholic beverages, dissemination (percent)",Alcoholic beverages,,percent,,FAO,"FAO, Statistics Division (FAOSTAT)",processed,,,,,,Diet
FBS.PCS.STM.KCD,"Food supply, stimulants (kcal/cap/day)",Stimulants,,kcal/cap/day,,FAO,"FAO, Statistics Division (FAOSTAT)",raw,FBS,664,2922,,,Diet
FBS.PCS.STM.KCD3,"Food supply, stimulants, three year averages (kcal/cap/day)",Stimulants,,kcal/cap/day,,FAO,"FAO, Statistics Division (FAOSTAT)",processed,,,,,,Diet
FBS.PCS.STM.KCDI,"Food supply, stimulants, imputed (kcal/cap/day)",Stimulants,,kcal/cap/day,,FAO,"FAO, Statistics Division (FAOSTAT)",processed,,,,,,Diet
FBS.PCS.STM.KCDI3,"Food supply, stimulants, imputed, three year averages (kcal/cap/day)",Stimulants,,kcal/cap/day,,FAO,"FAO, Statistics Division (FAOSTAT)",processed,,,,,,Diet
FBS.PCS.STM.KCD3D,"Food supply, stimulants, three year averages, dissemination (kcal/cap/day)",Stimulants,,kcal/cap/day,,FAO,"FAO, Statistics Division (FAOSTAT)",processed,,,,,,Diet
FBS.SDES.STM.PCT3D,"Share of DES from stimulants, three year averages, dissemination (percent)",Stimulants,,percent,,FAO,"FAO, Statistics Division (FAOSTAT)",processed,,,,,,Diet
FBS.PCS.MEAT.KCD,"Food supply, meat (kcal/cap/day)",Meat,,kcal/cap/day,,FAO,"FAO, Statistics Division (FAOSTAT)",raw,FBS,664,2943,,,Diet
FBS.PCS.MEAT.KCD3,"Food supply, meat, three year averages (kcal/cap/day)",Meat,,kcal/cap/day,,FAO,"FAO, Statistics Division (FAOSTAT)",processed,,,,,,Diet
FBS.PCS.MEAT.KCDI,"Food supply, meat, imputed (kcal/cap/day)",Meat,,kcal/cap/day,,FAO,"FAO, Statistics Division (FAOSTAT)",processed,,,,,,Diet
FBS.PCS.MEAT.KCDI3,"Food supply, meat, imputed, three year averages (kcal/cap/day)",Meat,,kcal/cap/day,,FAO,"FAO, Statistics Division (FAOSTAT)",processed,,,,,,Diet
FBS.PCS.MEAT.KCD3D,"Food supply, meat, three year averages, dissemination (kcal/cap/day)",Meat,,kcal/cap/day,,FAO,"FAO, Statistics Division (FAOSTAT)",processed,,,,,,Diet
FBS.SDES.MEAT.PCT3D,"Share of DES from meat, three year averages, dissemination (percent)",Meat,,percent,,FAO,"FAO, Statistics Division (FAOSTAT)",processed,,,,,,Diet
FBS.PCS.OFF.KCD,"Food supply, offals (kcal/cap/day)",Offals,,kcal/cap/day,,FAO,"FAO, Statistics Division (FAOSTAT)",raw,FBS,664,2945,,,Diet
FBS.PCS.OFF.KCD3,"Food supply, offals, three year averages (kcal/cap/day)",Offals,,kcal/cap/day,,FAO,"FAO, Statistics Division (FAOSTAT)",processed,,,,,,Diet
FBS.PCS.OFF.KCDI,"Food supply, offals, imputed (kcal/cap/day)",Offals,,kcal/cap/day,,FAO,"FAO, Statistics Division (FAOSTAT)",processed,,,,,,Diet
FBS.PCS.OFF.KCDI3,"Food supply, offals, imputed, three year averages (kcal/cap/day)",Offals,,kcal/cap/day,,FAO,"FAO, Statistics Division (FAOSTAT)",processed,,,,,,Diet
FBS.PCS.OFF.KCD3D,"Food supply, offals, three year averages, dissemination (kcal/cap/day)",Offals,,kcal/cap/day,,FAO,"FAO, Statistics Division (FAOSTAT)",processed,,,,,,Diet
FBS.SDES.OFF.PCT3D,"Share of DES from offals, three year averages, dissemination (percent)",Offals,,percent,,FAO,"FAO, Statistics Division (FAOSTAT)",processed,,,,,,Diet
FBS.PCS.AF.KCD,"Food supply, animal fats (kcal/cap/day)",Animal fats,,kcal/cap/day,,FAO,"FAO, Statistics Division (FAOSTAT)",raw,FBS,664,2946,,,Diet
FBS.PCS.AF.KCD3,"Food supply, animal fats, three year averages (kcal/cap/day)",Animal fats,,kcal/cap/day,,FAO,"FAO, Statistics Division (FAOSTAT)",processed,,,,,,Diet
FBS.PCS.AF.KCDI,"Food supply, animal fats, imputed (kcal/cap/day)",Animal fats,,kcal/cap/day,,FAO,"FAO, Statistics Division (FAOSTAT)",processed,,,,,,Diet
FBS.PCS.AF.KCDI3,"Food supply, animal fats, imputed, three year averages (kcal/cap/day)",Animal fats,,kcal/cap/day,,FAO,"FAO, Statistics Division (FAOSTAT)",processed,,,,,,Diet
FBS.PCS.AF.KCD3D,"Food supply, animal fats, three year averages, dissemination (kcal/cap/day)",Animal fats,,kcal/cap/day,,FAO,"FAO, Statistics Division (FAOSTAT)",processed,,,,,,Diet
FBS.SDES.AF.PCT3D,"Share of DES from animal fats, three year averages, dissemination (percent)",Animal fats,,percent,,FAO,"FAO, Statistics Division (FAOSTAT)",processed,,,,,,Diet
FBS.PCS.MEB.KCD,"Food supply, milk - excluding butter (kcal/cap/day)",Milk - excluding butter,,kcal/cap/day,,FAO,"FAO, Statistics Division (FAOSTAT)",raw,FBS,664,2948,,,Diet
FBS.PCS.MEB.KCD3,"Food supply, milk - excluding butter, three year averages (kcal/cap/day)",Milk - excluding butter,,kcal/cap/day,,FAO,"FAO, Statistics Division (FAOSTAT)",processed,,,,,,Diet
FBS.PCS.MEB.KCDI,"Food supply, milk - excluding butter, imputed (kcal/cap/day)",Milk - excluding butter,,kcal/cap/day,,FAO,"FAO, Statistics Division (FAOSTAT)",processed,,,,,,Diet
FBS.PCS.MEB.KCDI3,"Food supply, milk - excluding butter, imputed, three year averages (kcal/cap/day)",Milk - excluding butter,,kcal/cap/day,,FAO,"FAO, Statistics Division (FAOSTAT)",processed,,,,,,Diet
FBS.PCS.MEB.KCD3D,"Food supply, milk - excluding butter, three year averages, dissemination (kcal/cap/day)",Milk - excluding butter,,kcal/cap/day,,FAO,"FAO, Statistics Division (FAOSTAT)",processed,,,,,,Diet
FBS.SDES.MEB.PCT3D,"Share of DES from milk - excluding butter, three year averages, dissemination (percent)",Milk - excluding butter,,percent,,FAO,"FAO, Statistics Division (FAOSTAT)",processed,,,,,,Diet
FBS.PCS.EGG.KCD,"Food supply, eggs (kcal/cap/day)",Eggs,,kcal/cap/day,,FAO,"FAO, Statistics Division (FAOSTAT)",raw,FBS,664,2949,,,Diet
FBS.PCS.EGG.KCD3,"Food supply, eggs, three year averages (kcal/cap/day)",Eggs,,kcal/cap/day,,FAO,"FAO, Statistics Division (FAOSTAT)",processed,,,,,,Diet
FBS.PCS.EGG.KCDI,"Food supply, eggs, imputed (kcal/cap/day)",Eggs,,kcal/cap/day,,FAO,"FAO, Statistics Division (FAOSTAT)",processed,,,,,,Diet
FBS.PCS.EGG.KCDI3,"Food supply, eggs, imputed, three year averages (kcal/cap/day)",Eggs,,kcal/cap/day,,FAO,"FAO, Statistics Division (FAOSTAT)",processed,,,,,,Diet
FBS.PCS.EGG.KCD3D,"Food supply, eggs, three year averages, dissemination (kcal/cap/day)",Eggs,,kcal/cap/day,,FAO,"FAO, Statistics Division (FAOSTAT)",processed,,,,,,Diet
FBS.SDES.EGG.PCT3D,"Share of DES from eggs, three year averages, dissemination (percent)",Eggs,,percent,,FAO,"FAO, Statistics Division (FAOSTAT)",processed,,,,,,Diet
FBS.PCS.FISH.KCD,"Food supply, fish, seafood (kcal/cap/day)","Fish, seafood",,kcal/cap/day,,FAO,"FAO, Statistics Division (FAOSTAT)",raw,FBS,664,2960,,,Diet
FBS.PCS.FISH.KCD3,"Food supply, fish, seafood, three year averages (kcal/cap/day)","Fish, seafood",,kcal/cap/day,,FAO,"FAO, Statistics Division (FAOSTAT)",processed,,,,,,Diet
FBS.PCS.FISH.KCDI,"Food supply, fish, seafood, imputed (kcal/cap/day)","Fish, seafood",,kcal/cap/day,,FAO,"FAO, Statistics Division (FAOSTAT)",processed,,,,,,Diet
FBS.PCS.FISH.KCDI3,"Food supply, fish, seafood, imputed, three year averages (kcal/cap/day)","Fish, seafood",,kcal/cap/day,,FAO,"FAO, Statistics Division (FAOSTAT)",processed,,,,,,Diet
FBS.PCS.FISH.KCD3D,"Food supply, fish, seafood, three year averages, dissemination (kcal/cap/day)","Fish, seafood",,kcal/cap/day,,FAO,"FAO, Statistics Division (FAOSTAT)",processed,,,,,,Diet
FBS.SDES.FISH.PCT3D,"Share of DES from fish, seafood, three year averages, dissemination (percent)","Fish, seafood",,percent,,FAO,"FAO, Statistics Division (FAOSTAT)",processed,,,,,,Diet
FBS.PCS.AP.KCD,"Food supply, aquatic products, other (kcal/cap/day)","Aquatic products, other",,kcal/cap/day,,FAO,"FAO, Statistics Division (FAOSTAT)",raw,FBS,664,2961,,,Diet
FBS.PCS.AP.KCD3,"Food supply, aquatic products, other, three year averages (kcal/cap/day)","Aquatic products, other",,kcal/cap/day,,FAO,"FAO, Statistics Division (FAOSTAT)",processed,,,,,,Diet
FBS.PCS.AP.KCDI,"Food supply, aquatic products, other, imputed (kcal/cap/day)","Aquatic products, other",,kcal/cap/day,,FAO,"FAO, Statistics Division (FAOSTAT)",processed,,,,,,Diet
FBS.PCS.AP.KCDI3,"Food supply, aquatic products, other, imputed, three year averages (kcal/cap/day)","Aquatic products, other",,kcal/cap/day,,FAO,"FAO, Statistics Division (FAOSTAT)",processed,,,,,,Diet
FBS.PCS.AP.KCD3D,"Food supply, aquatic products, other, three year averages, dissemination (kcal/cap/day)","Aquatic products, other",,kcal/cap/day,,FAO,"FAO, Statistics Division (FAOSTAT)",processed,,,,,,Diet
FBS.SDES.AP.PCT3D,"Share of DES from aquatic products, other, three year averages, dissemination (percent)","Aquatic products, other",,percent,,FAO,"FAO, Statistics Division (FAOSTAT)",processed,,,,,,Diet
FBS.PCS.MO.KCD3D,"Food supply, meat and offals, three year averages, dissemination (kcal/cap/day)",Meat and offals,,kcal/cap/day,,FAO,"FAO, Statistics Division (FAOSTAT)",processed,,,,,,Diet
FBS.SDES.MO.PCT3D,"Share of DES from meat and offals, three year averages, dissemination (percent)",Meat and offals,,percent,,FAO,"FAO, Statistics Division (FAOSTAT)",processed,,,,,,Diet
FBS.PCS.FISHAP.KCD3D,"Food supply, fish, seafood and aquatic products, three year averages, dissemination (kcal/cap/day)","Fish, seafood and aquatic products",,kcal/cap/day,,FAO,"FAO, Statistics Division (FAOSTAT)",processed,,,,,,Diet
FBS.SDES.FISHAP.PCT3D,"Share of DES from fish, seafood and aquatic products, three year averages, dissemination (percent)","Fish, seafood and aquatic products",,percent,,FAO,"FAO, Statistics Division (FAOSTAT)",processed,,,,,,Diet
FBS.PCS.VOAF.KCD3D,"Food supply, vegetable oils and animal fats, three year averages, dissemination (kcal/cap/day)",Vegetable oils and animal fats,,kcal/cap/day,,FAO,"FAO, Statistics Division (FAOSTAT)",processed,,,,,,Diet
FBS.SDES.VOAF.PCT3D,"Share of DES from vegetable oils and animal fats, three year averages, dissemination (percent)",Vegetable oils and animal fats,,percent,,FAO,"FAO, Statistics Division (FAOSTAT)",processed,,,,,,Diet
FBS.PCS.FV.KCD3D,"Food supply, fruit and vegetable, three year averages, dissemination (kcal/cap/day)",Fruit and vegetable,,kcal/cap/day,,FAO,"FAO, Statistics Division (FAOSTAT)",processed,,,,,,Diet
FBS.SDES.FV.PCT3D,"Share of DES from fruit and vegetable, three year averages, dissemination (percent)",Fruit and vegetable,,percent,,FAO,"FAO, Statistics Division (FAOSTAT)",processed,,,,,,Diet
HS.PCS.DEC.KCD,Average dietary energy consumption (kcal/cap/day),National,,kcal/cap/day,,FAO,"FAO, Statistics Division",raw,,,,,,
HS.PCS.UDEC.KCD,"Average dietary energy consumption, urban (kcal/cap/day)",Urban,,kcal/cap/day,,FAO,"FAO, Statistics Division",raw,,,,,,
HS.PCS.RDEC.KCD,"Average dietary energy consumption, rural (kcal/cap/day)",Rural,,kcal/cap/day,,FAO,"FAO, Statistics Division",raw,,,,,,
HS.PCS.MDEC.KCD,"Average dietary energy consumption, male (kcal/cap/day)",Male,,kcal/cap/day,,FAO,"FAO, Statistics Division",raw,,,,,,
HS.PCS.FDEC.KCD,"Average dietary energy consumption, female (kcal/cap/day)",Female,,kcal/cap/day,,FAO,"FAO, Statistics Division",raw,,,,,,
HS.NCDEC.PRT.PCT,Proteins contribution to dietary energy consumption (percent),National,,percent,,FAO,"FAO, Statistics Division",raw,,,,,,
HS.NCDEC.UPRT.PCT,"Proteins contribution to dietary energy consumption, urban (percent)",Urban,,percent,,FAO,"FAO, Statistics Division",raw,,,,,,
HS.NCDEC.RPRT.PCT,"Proteins contribution to dietary energy consumption, rural (percent)",Rural,,percent,,FAO,"FAO, Statistics Division",raw,,,,,,
HS.NCDEC.MPRT.PCT,"Proteins contribution to dietary energy consumption, male (percent)",Male,,percent,,FAO,"FAO, Statistics Division",raw,,,,,,
HS.NCDEC.FPRT.PCT,"Proteins contribution to dietary energy consumption, female (percent)",Female,,percent,,FAO,"FAO, Statistics Division",raw,,,,,,
HS.NCDEC.FAT.PCT,Fats contribution to dietary energy consumption (percent),National,,percent,,FAO,"FAO, Statistics Division",raw,,,,,,
HS.NCDEC.UFAT.PCT,"Fats contribution to dietary energy consumption, urban (percent)",Urban,,percent,,FAO,"FAO, Statistics Division",raw,,,,,,
HS.NCDEC.RFAT.PCT,"Fats contribution to dietary energy consumption, rural (percent)",Rural,,percent,,FAO,"FAO, Statistics Division",raw,,,,,,
HS.NCDEC.MFAT.PCT,"Fats contribution to dietary energy consumption, male (percent)",Male,,percent,,FAO,"FAO, Statistics Division",raw,,,,,,
HS.NCDEC.FFAT.PCT,"Fats contribution to dietary energy consumption, female (percent)",Female,,percent,,FAO,"FAO, Statistics Division",raw,,,,,,
HS.NCDEC.CRB.PCT,Carboydrates contribution to dietary energy consumption (percent),National,,percent,,FAO,"FAO, Statistics Division",raw,,,,,,
HS.NCDEC.UCRB.PCT,"Carboydrates contribution to dietary energy consumption, urban (percent)",Urban,,percent,,FAO,"FAO, Statistics Division",raw,,,,,,
HS.NCDEC.RCRB.PCT,"Carboydrates contribution to dietary energy consumption, rural (percent)",Rural,,percent,,FAO,"FAO, Statistics Division",raw,,,,,,
HS.NCDEC.MCRB.PCT,"Carboydrates contribution to dietary energy consumption, male (percent)",Male,,percent,,FAO,"FAO, Statistics Division",raw,,,,,,
HS.NCDEC.FCRB.PCT,"Carboydrates contribution to dietary energy consumption, female (percent)",Female,,percent,,FAO,"FAO, Statistics Division",raw,,,,,,
HS.SPC.AP.PCT,Share of animal protein in total protein consumption (percent) ,National,,percent,,FAO,"FAO, Statistics Division",raw,,,,,,
HS.SPC.UAP.PCT,"Share of animal protein in total protein consumption, urban (percent) ",Urban,,percent,,FAO,"FAO, Statistics Division",raw,,,,,,
HS.SPC.RAP.PCT,"Share of animal protein in total protein consumption, rural (percent) ",Rural,,percent,,FAO,"FAO, Statistics Division",raw,,,,,,
HS.SPC.MAP.PCT,"Share of animal protein in total protein consumption, male (percent) ",Male,,percent,,FAO,"FAO, Statistics Division",raw,,,,,,
HS.SPC.FAP.PCT,"Share of animal protein in total protein consumption, female (percent) ",Female,,percent,,FAO,"FAO, Statistics Division",raw,,,,,,
CP.D.ATLAS.GNP,CP.D.ATLAS.GNP,,,,,,World Bank,raw,,,,CP.D.ATLAS.GNP,loaded manually,economy
NV.AGR.TOTL.ZS,"Agriculture, value added (percent of GDP)",Agriculture,,percent,"Agriculture corresponds to ISIC divisions 1-5 and includes forestry, hunting, and fishing, as well as cultivation of crops and livestock production. Value added is the net output of a sector after adding up all outputs and subtracting intermediate inputs. It is calculated without making deductions for depreciation of fabricated assets or depletion and degradation of natural resources. The origin of value added is determined by the International Standard Industrial Classification (ISIC), revision 3. Note: For VAB countries, gross value added at factor cost is used as the denominator.","World Bank national accounts data, and OECD National Accounts data files.",World Bank (WDI),raw,,,,NV.AGR.TOTL.ZS,,economy
NV.IND.TOTL.ZS,"Industry, value added (percent of GDP)",Industry,,percent,"Industry corresponds to ISIC divisions 10-45 and includes manufacturing (ISIC divisions 15-37). It comprises value added in mining, manufacturing (also reported as a separate subgroup), construction, electricity, water, and gas. Value added is the net output of a sector after adding up all outputs and subtracting intermediate inputs. It is calculated without making deductions for depreciation of fabricated assets or depletion and degradation of natural resources. The origin of value added is determined by the International Standard Industrial Classification (ISIC), revision 3. Note: For VAB countries, gross value added at factor cost is used as the denominator.","World Bank national accounts data, and OECD National Accounts data files.",World Bank (WDI),raw,,,,NV.IND.TOTL.ZS,,economy
NV.SRV.TETC.ZS,"Services, etc., value added (percent of GDP)",Services,,percent,"Services correspond to ISIC divisions 50-99 and they include value added in wholesale and retail trade (including hotels and restaurants), transport, and government, financial, professional, and personal services such as education, health care, and real estate services. Also included are imputed bank service charges, import duties, and any statistical discrepancies noted by national compilers as well as discrepancies arising from rescaling. Value added is the net output of a sector after adding up all outputs and subtracting intermediate inputs. It is calculated without making deductions for depreciation of fabricated assets or depletion and degradation of natural resources. The industrial origin of value added is determined by the International Standard Industrial Classification (ISIC), revision 3. Note: For VAB countries, gross value added at factor cost is used as the denominator.","World Bank national accounts data, and OECD National Accounts data files.",World Bank (WDI),raw,,,,NV.SRV.TETC.ZS,,economy
EA.PRD.AGRI.KD,Agriculture value added per worker (constant 2000 US$),Agriculture,,US$,"Agriculture value added per worker is a measure of agricultural productivity. Value added in agriculture measures the output of the agricultural sector (ISIC divisions 1-5) less the value of intermediate inputs. Agriculture comprises value added from forestry, hunting, and fishing as well as cultivation of crops and livestock production. Data are in constant 2000 U.S. dollars.","Derived from World Bank national accounts files and Food and Agriculture Organization, Production Yearbook and data files.",World Bank (WDI),raw,,,,EA.PRD.AGRI.KD,,economy
NV.AGR.TOTL.KD,"Agriculture, value added (constant 2005 US$)",Agriculture,,US$,"Agriculture corresponds to ISIC divisions 1-5 and includes forestry, hunting, and fishing, as well as cultivation of crops and livestock production. Value added is the net output of a sector after adding up all outputs and subtracting intermediate inputs. It is calculated without making deductions for depreciation of fabricated assets or depletion and degradation of natural resources. The origin of value added is determined by the International Standard Industrial Classification (ISIC), revision 3. Data are in constant 2005 U.S. dollars.","World Bank national accounts data, and OECD National Accounts data files.",World Bank (WDI),raw,,,,NV.AGR.TOTL.KD,,economy
NV.AGR.TOTL.KD.ZG,"Agriculture, value added (annual % growth)",Agriculture,,percent,"Annual growth rate for agricultural value added based on constant local currency. Aggregates are based on constant 2005 U.S. dollars. Agriculture corresponds to ISIC divisions 1-5 and includes forestry, hunting, and fishing, as well as cultivation of crops and livestock production. Value added is the net output of a sector after adding up all outputs and subtracting intermediate inputs. It is calculated without making deductions for depreciation of fabricated assets or depletion and degradation of natural resources. The origin of value added is determined by the International Standard Industrial Classification (ISIC), revision 3.","World Bank national accounts data, and OECD National Accounts data files.",World Bank (WDI),raw,,,,NV.AGR.TOTL.KD.ZG,,economy
OA.TEAPT.POP.PPL.NO,Total economically active population,Total,thousand,people,,"ILO, laborsta","FAO, Statistics Division (FAOSTAT)",raw,OA,591,3010,,,demography
GHG.TOT.ALL.GG.NO,Emissions in agriculture in CO2eq (gigagrams),All GHG agricultural sectors,,gigagrams CO2eq,"Agriculture Total contains all the emissions produced in the different agricultural emissions sub-domains, providing a picture of the contribution to the total amount of GHG emissions from agriculture. GHG Emissions from agriculture consist of non-CO2 gases, namely methane (CH4) and nitrous oxide (N2O), produced by crop and livestock production and management activities.",FAO,"FAO, Statistics Division (FAOSTAT)",raw,GT,7231,1711,,,greenhouse gases
GL.LU.TOT.NERCO2EQ.NO,"Land use, net emissions/removal in CO2eq (gigagrams)",Land use,,gigagrams CO2eq,Greenhouse Gas (GHG) emissions data from cropland are currently limited to emissions from cultivated organic soils. They are those associated with carbon losses from drained organic soils. ,FAO,"FAO, Statistics Division (FAOSTAT)",raw,GL,7217,1707,,,"greenhouse gases, land use"
GL.FL.NFC.NERCO2EQ.NO,"Net forest conversion, net emissions/removal in CO2eq (gigagrams)",Net forest conversion,,gigagrams CO2eq,Greenhouse Gas (GHG) emissions data from cropland are currently limited to emissions from cultivated organic soils. They are those associated with carbon losses from drained organic soils. ,FAO,"FAO, Statistics Division (FAOSTAT)",raw,GF,72172,6750,,,"greenhouse gases, land use"
GL.CL.TOT.NERCO2EQ.NO,"Cropland, net emissions/removal in CO2eq (gigagrams)",Cropland,,gigagrams CO2eq,Greenhouse Gas (GHG) emissions data from cropland are currently limited to emissions from cultivated organic soils. They are those associated with carbon losses from drained organic soils. ,FAO,"FAO, Statistics Division (FAOSTAT)",raw,GL,7217,5070,,,"greenhouse gases, land use"
GL.GL.TOT.NERCO2EQ.NO,"Grassland, net emissions/removal in CO2eq (gigagrams)",Grassland,,gigagrams CO2eq,Greenhouse Gas (GHG) emissions data from cropland are currently limited to emissions from cultivated organic soils. They are those associated with carbon losses from drained organic soils. ,FAO,"FAO, Statistics Division (FAOSTAT)",raw,GL,7217,6794,,,"greenhouse gases, land use"
GLI.CHPF.TOT.ECO2EQ.NO,"Cultivation histoils and peat fires, emissions in CO2eq (gigagrams)",Cultivation histoils and peat fires,,gigagrams CO2eq,Greenhouse Gas (GHG) emissions data from cropland are currently limited to emissions from cultivated organic soils. They are those associated with carbon losses from drained organic soils. ,FAO,"FAO, Statistics Division (FAOSTAT)",processed,,,,,,"greenhouse gases, land use"
GHG.BS.TECO2EQ.GG.NO,"Burning savanna, emissions in CO2eq (gigagrams)",Burning savanna,,gigagrams CO2eq,Greenhouse Gas (GHG) emissions data from cropland are currently limited to emissions from cultivated organic soils. They are those associated with carbon losses from drained organic soils. ,FAO,"FAO, Statistics Division (FAOSTAT)",raw,GT,7231,5067,,,greenhouse gases
GL.FL.F.NERCO2EQ.NO,"Forest, net emissions/removal in CO2eq (gigagrams)",Forest,,gigagrams CO2eq,Greenhouse Gas (GHG) emissions data from cropland are currently limited to emissions from cultivated organic soils. They are those associated with carbon losses from drained organic soils. ,FAO,"FAO, Statistics Division (FAOSTAT)",raw,GF,72172,6751,,,"greenhouse gases, land use"
GHG.AFOLU.TOT.ECO2EQ.NO,"GHG emissions (AFOLU), emissions in CO2eq (gigagrams)",AFOLU,,gigagrams CO2eq,Greenhouse Gas (GHG) emissions data from cropland are currently limited to emissions from cultivated organic soils. They are those associated with carbon losses from drained organic soils. ,FAO,"FAO, Statistics Division (FAOSTAT)",processed,,,,,,greenhouse gases
RL.AREA.AGR.HA.NO,Agricultural area (ha),Agricultural area,thousand,ha,"Agricultural area, this category is the sum of areas under a) arable land - land under temporary agricultural crops (multiple-cropped areas are counted only once), temporary meadows for mowing or pasture, land under market and kitchen gardens and land temporarily fallow (less than five years). The abandoned land resulting from shifting cultivation is not included in this category. Data for ""Arable land"" are not meant to indicate the amount of land that is potentially cultivable; (b) permanent crops - land cultivated with long-term crops which do not have to be replanted for several years (such as cocoa and coffee); land under trees and shrubs producing flowers, such as roses and jasmine; and nurseries (except those for forest trees, which should be classified under ""forest""); and (c) permanent meadows and pastures - land used permanently (five years or more) to grow herbaceous forage crops, either cultivated or growing wild (wild prairie or grazing land). Data are expressed in 1000 hectares.",FAO,"FAO, Statistics Division (FAOSTAT)",raw,RL,5110,6610,,,land
RL.AREA.AGRORG.HA.NO,Agricultural area organic (ha),Agricultural area,thousand,ha,"Sum of areas under ""Agricultural area certified organic"" and ""Agricultural area in conversion to organic"". Agricultural area certified organic is the land area exclusively dedicated to organic agriculture and managed by applying organic agriculture methods. It refers to the land area fully converted to organic agriculture. It is the portion of land area (including arable lands, pastures or wild areas) managed (cultivated) or wild harvested in accordance with specific organic standards or technical regulations and that has been inspected and approved by a certification body. Agricultural area in conversion to organic is the land area which is going through the organic conversion process, usually two years period of conversion to organic land.",FAO,"FAO, Statistics Division (FAOSTAT)",raw,RL,5110,6671,,,land
RL.AREA.AGRORG.HA.SH,"Agricultural area organic, share of agricultural area (percent)",Agricultural,,percent,,,"FAO, Statistics Division (FAOSTAT)",processed,,,,,,land
TP.EXVAL.FOOD.USD.NO,Exports of food excl. fish (US$),Food exports,thousand,US$,Value of exports of food in current US$.,FAO,"FAO, Statistics Division (FAOSTAT)",raw,TP,5922,1982,,,trade
TP.IMVAL.FOOD.USD.NO,Imports of food excl. fish (US$),Food imports,thousand,US$,Value of imports of food in current US$.,FAO,"FAO, Statistics Division (FAOSTAT)",raw,TP,5622,1982,,,trade
TI.IMVAL.FOOD.IN.NO,Import value index (2004-2006 = 100),Import value index,,index,"Value indices represent the change in the current values of Import c.i.f. (cost, insurance and freight) all expressed in US dollars. For countries which report import values on an f.o.b. (free on board) basis, these are adjusted to approximate c.i.f. values (by a standard factor of 112 percent).",FAO,"FAO, Statistics Division (FAOSTAT)",raw,TI,462,1982,,,trade
RL.AREA.ARBLPRMN.HA.NO,Arable land and permanent crops (ha),Arable land and permanent crops,thousand,ha,"Arable land and Permanent crops, this category is the sum of areas under 'Arable land' and 'Permanent crops'.",FAO,"FAO, Statistics Division (FAOSTAT)",raw,RL,5110,6620,,,land
AQ.WAT.WATPCP.MC.NO,Water resources per capita (m3/yr/person),Water resources per capita,,m3/yr/cap,Total annual internal renewable water resources per inhabitant.,FAO,Land and Water Division (AQUASTAT),raw,,,,,,aquastat
AQ.WAT.IRRPOT.HA.NO,Irrigation potential (ha),Irrigation potential,thousand,ha,"Area of land which is potentially irrigable. Country/regional studies assess this value according to different methods. For example, some consider only land resources, others consider land resources plus water availability, others include economical aspects in their assessments (such as distance and/or difference in elevation between the suitable land and the available water) or environmental aspects, etc. If available, this information is given in the individual country profiles. The figure includes the area already under agricultural water management .",FAO,Land and Water Division (AQUASTAT),raw,,,,,,aquastat
AQ.WAT.EQIRR.HA.NO,Total area equipped for irrigation (ha),Total area equipped for irrigation (ha),thousand,ha,"Area equipped to provide water (via irrigation) to crops. It includes areas equipped for full/partial control irrigation, equipped lowland areas, and areas equipped for spate irrigation.",FAO,Land and Water Division (AQUASTAT),raw,,,,,,aquastat
AQ.WAT.EQIRR.HA.SH,Part of cultivated area equipped for irrigation (percent),Part of cultivated area equipped for irrigation,,percent,,,Land and Water Division (AQUASTAT),processed,,,,,,aquastat
AQ.WAT.SHIRR.HA.SH,Part of equipped area actually irrigated (percent),Part of equipped area actually irrigated,,percent,"Percent of area equipped for irrigation that is actually irrigated in any given year, expressed in percentage. Irrigated land that is cultivated more than once a year is counted only once.",FAO,Land and Water Division (AQUASTAT),raw,,,,,,aquastat
AQ.WAT.WWAGR.MC.NO,Agricultural water withdrawal (m3/yr),Water withdrawal by agriculture,million,m3/yr,"Annual quantity of water withdrawn for irrigation, livestock and aquaculture purposes. It includes renewable freshwater resources as well as over-abstraction of renewable groundwater or withdrawal of fossil groundwater, use of agricultural drainage water, (treated) wastewater and desalinated water.",FAO,Land and Water Division (AQUASTAT),raw,,,,,,aquastat
AQ.WAT.WWAGR.MC.SH,"Agricultural water withdrawal, share of total water withdrawal (percent)",Water withdrawal by agriculture,,percent,Agricultural water withdrawal as percentage of total water withdrawal.,FAO,Land and Water Division (AQUASTAT),raw,,,,,,aquastat
AQ.WAT.WWIND.MC.NO,Industrial water withdrawal (m3/yr),Water withdrawal by industry,million,m3/yr,"Annual quantity of water withdrawn for industrial uses. It includes renewable water resources as well as potential over-abstraction of renewable groundwater or withdrawal of fossil groundwater and potential use of desalinated water or treated wastewater. This sector refers to self-supplied industries not connected to the public distribution network. The ratio between net consumption and withdrawal is estimated at less than 5%. It includes water for the cooling of thermoelectric plants, but it does not include hydropower.",FAO,Land and Water Division (AQUASTAT),raw,,,,,,aquastat
AQ.WAT.WWIND.MC.SH,"Industrial water withdrawal, share of total water withdrawal (percent)",Water withdrawal by industry,,percent,Industrial water withdrawal as percentage of total water withdrawal.,FAO,Land and Water Division (AQUASTAT),raw,,,,,,aquastat
AQ.WAT.WWMUN.MC.NO,Municipal water withdrawal (m3/yr),Water withdrawal by the municipal sector,million,m3/yr,"Annual quantity of water withdrawn primarily for the direct use by the population. It includes renewable freshwater resources as well as potential over-abstraction of renewable groundwater or withdrawal of fossil groundwater and the potential use of desalinated water or treated wastewater. It is usually computed as the total water withdrawn by the public distribution network. It can include that part of the industries, which is connected to the municipal network. The ratio between the net consumption and the water withdrawn can vary from 5 to 15% in urban areas and from 10 to 50% in rural areas.",FAO,Land and Water Division (AQUASTAT),raw,,,,,,aquastat
AQ.WAT.WWMUN.MC.SH,"Municipal water withdrawal, share of total water withdrawal (percent)",Water withdrawal by the municipal sector,,percent,Municipal water withdrawal as percentage of total water withdrawal.,FAO,Land and Water Division (AQUASTAT),raw,,,,,,aquastat
AQ.WAT.WWTOT.MC.NO,Total water withdrawal (m3/yr),Total water withdrawal,million,m3/yr,"Annual quantity of water withdrawn for agricultural, industrial and municipal purposes. It includes renewable freshwater resources as well as potential over-abstraction of renewable groundwater or withdrawal of fossil groundwater and potential use of desalinated water or treated wastewater. It does not include in stream uses, which are characterized by a very low net consumption rate, such as recreation, navigation, hydropower, inland capture fisheries, etc.",FAO,Land and Water Division (AQUASTAT),raw,,,,,,aquastat
AQ.WAT.WWTOT.MC.SH,Total water withdrawal per capita (m3/yr/person),Total water withdrawal per capita,,m3/yr/cap,Total annual amount of water withdrawn per capita.,FAO,Land and Water Division (AQUASTAT),raw,,,,,,aquastat
AQ.WAT.RFRWTOT.MC.SH,Total share of freshwater resources withdrawn (percent),Total share of freshwater resources withdrawn,,percent,"Total freshwater withdrawn in a given year, expressed in percentage of the actual total renewable water resources (TRWR_actual). This parameter is an indication of the pressure on the renewable water resources.",FAO,Land and Water Division (AQUASTAT),raw,,,,,,aquastat
AQ.WAT.RFRWAGR.MC.SH,Share of freshwater resources withdrawn by agriculture (percent),Share of freshwater resources withdrawn by agriculture,,percent,"Water withdrawn for irrigation in a given year, expressed in percent of the total actual renewable water resources (TRWR_actual). This parameter is an indication of the pressure on the renewable water resources caused by irrigation.",FAO,Land and Water Division (AQUASTAT),raw,,,,,,aquastat
PI.PPI.AGR.ID,"Producer Price Index, agriculture (constant 2004-2006 I$)","Producer Price Index, agriculture",,index,See 'Agricultural production indices'.,FAO,"FAO, Statistics Division (FAOSTAT)",raw,PI,5539,2051,,,agricultural producer price index
NY.GDP.PCAP.KD,GDP per capita (constant 2005 US$),GDP per capita,,constant 2005 US$,,,World Bank (WDI),raw,,,,NY.GDP.PCAP.KD,,
NY.GDP.PCAP.GR10,"GDP per capita, constant 2005 US$ growth rate",GDP per capita,,percent,,,World Bank (WDI),processed,,,,,,
MUV,Manufactures Unit Value (MUV) (index),MUV,,index,"The MUV is a composite index of prices for manufactured exports from the fifteen major developed and emerging economies to low- and middle-income economies, valued in U.S. dollars. For the MUV (15) index, unit value indexes in local currency for each country are converted to U.S. dollars using market exchange rates and are combined using weights determined by the share of each country's exports in G15 exports to low- and middle-income countries. The shares are calculated using SITC revision 3 Manufactures exports data from UN COMTRADE in 2005, the base year. The primary manufacturing prices index source is OECD's Domestic Producer Price Index (PPI) for manufacturing. Whenever PPI is not available, export price indexes or the export unit values are used as proxies. The countries and relative weights (in parentheses) are: Brazil (2.95%), Canada (0.93%), China (11.79%), France (5.87%), Germany (13.29%), India (1.77%), Italy (6.07%), Japan (16.70%), Mexico (0.93%), South Africa (0.75%), South Korea (10.95%), Spain (2.30%), Thailand (2.51%), United Kingdom (3.50%), and United States (19.68%).","World Bank, Development Prospects Group; Historical US GDP deflator: US Department of Commerce.",World Bank,raw,,,,,,
TP.EXVAL.CRLS.USD.NO,Exports of cereals (US$),Cereal exports,thousand,US$,Value of exports of cereals in current US$.,FAO,"FAO, Statistics Division (FAOSTAT)",raw,TP,5922,1944,,,trade
TP.EXVAL.CRLS.USD.SH,Exports of cereals (constant 2005 US$),Exports of cereals,,constant 2005 US$,,FAO and World Bank,"FAO, Statistics Division (FAOSTAT)",processed,,,,,,
